Id,Position,First Name,Nickname,Last Name,FPPG,Played,Salary,Game,Team,Opponent,Injury Indicator,Injury Details,Tier,Probable Pitcher,Batting Order,Roster Position
88083-82604,P,Corbin,Corbin Burnes,Burnes,39.18181818181818,33,11000,MIL@CHC,MIL,CHC,,,,Yes,,P
88083-16956,P,Gerrit,Gerrit Cole,Cole,39.638888888888886,36,10900,SF@NYY,NYY,SF,,,,Yes,,P
88083-52859,P,Jacob,Jacob deGrom,deGrom,44.75,12,10800,PHI@TEX,TEX,PHI,,,,Yes,,P
88083-162445,P,Spencer,Spencer Strider,Strider,32.064516129032256,32,10700,ATL@WSH,ATL,WSH,,,,,,P
88083-5202,P,Justin,Justin Verlander,Verlander,40.0625,32,10700,NYM@MIA,NYM,MIA,,,,,,P
88083-5481,P,Max,Max Scherzer,Scherzer,40.791666666666664,24,10700,NYM@MIA,NYM,MIA,,,,Yes,,P
88083-60647,P,Aaron,Aaron Nola,Nola,37.08108108108108,37,10600,PHI@TEX,PHI,TEX,,,,Yes,,P
88083-80582,P,Brandon,Brandon Woodruff,Woodruff,37.48148148148148,27,10500,MIL@CHC,MIL,CHC,,,,,,P
88083-102407,P,Shane,Shane McClanahan,McClanahan,38.55172413793103,29,10400,DET@TB,TB,DET,,,,Yes,,P
88083-16960,P,Zack,Zack Wheeler,Wheeler,35.46875,32,10400,PHI@TEX,PHI,TEX,,,,,,P
88083-60633,P,Carlos,Carlos Rodon,Rodon,39.41935483870968,31,10200,SF@NYY,NYY,SF,O,Forearm,,,,P
88083-79245,P,Sandy,Sandy Alcantara,Alcantara,41.03125,32,10200,NYM@MIA,MIA,NYM,,,,Yes,,P
88083-16931,P,Yu,Yu Darvish,Darvish,38.64705882352941,34,9900,COL@SD,SD,COL,,,,,,P
88083-68523,P,Joe,Joe Musgrove,Musgrove,35.39393939393939,33,9900,COL@SD,SD,COL,O,Toe,,,,P
88083-52185,P,Max,Max Fried,Fried,35,31,9800,ATL@WSH,ATL,WSH,,,,Yes,,P
88083-119441,P,Alek,Alek Manoah,Manoah,37.375,32,9700,TOR@STL,TOR,STL,,,,Yes,,P
88083-82775,P,Nestor,Nestor Cortes,Cortes,32.38709677419355,31,9700,SF@NYY,NYY,SF,,,,,,P
88083-38000,P,Kevin,Kevin Gausman,Gausman,34.6875,32,9700,TOR@STL,TOR,STL,,,,,,P
88083-60644,P,Luis,Luis Severino,Severino,31.38095238095238,21,9700,SF@NYY,NYY,SF,O,Lat,,,,P
88083-82535,P,Kyle,Kyle Wright,Wright,35.75,32,9600,ATL@WSH,ATL,WSH,IL,Shoulder,,,,P
88083-68488,P,Blake,Blake Snell,Snell,34.370370370370374,28,9500,COL@SD,SD,COL,,,,Yes,,P
88083-52183,P,Tyler,Tyler Glasnow,Glasnow,25.666666666666668,3,9500,DET@TB,TB,DET,IL,Oblique,,,,P
88083-83190,P,Freddy,Freddy Peralta,Peralta,24.38888888888889,18,9500,MIL@CHC,MIL,CHC,,,,,,P
88083-12477,P,Chris,Chris Sale,Sale,13,2,9400,BAL@BOS,BOS,BAL,,,,,,P
88083-119329,P,Nick,Nick Lodolo,Lodolo,33.31578947368421,19,9400,PIT@CIN,CIN,PIT,,,,,,P
88083-5466,P,Charlie,Charlie Morton,Morton,30.060606060606062,33,9400,ATL@WSH,ATL,WSH,,,,,,P
88083-101839,P,Logan,Logan Webb,Webb,32.6875,32,9400,SF@NYY,SF,NYY,,,,Yes,,P
88083-79280,P,Jesus,Jesus Luzardo,Luzardo,34.333333333333336,18,9300,NYM@MIA,MIA,NYM,,,,,,P
88083-85476,P,Jeffrey,Jeffrey Springs,Springs,24.393939393939394,33,9300,DET@TB,TB,DET,,,,,,P
88083-53067,P,Chris,Chris Bassitt,Bassitt,32.70967741935484,31,9300,TOR@STL,TOR,STL,,,,,,P
88083-79853,P,Jordan,Jordan Montgomery,Montgomery,28.151515151515152,33,9300,TOR@STL,STL,TOR,,,,,,P
88083-119361,P,Drew,Drew Rasmussen,Rasmussen,27.17241379310345,29,9200,DET@TB,TB,DET,,,,,,P
88083-119430,P,Joe,Joe Ryan,Ryan,31.185185185185187,27,9200,MIN@KC,MIN,KC,,,,,0,P
88083-17064,P,Sonny,Sonny Gray,Gray,27.958333333333332,24,9200,MIN@KC,MIN,KC,,,,,0,P
88083-52155,P,Jon,Jon Gray,Gray,28.75,24,9200,PHI@TEX,TEX,PHI,,,,,,P
88083-83152,P,Pablo,Pablo Lopez,Lopez,29.78125,32,9200,MIN@KC,MIN,KC,,,,Yes,,P
88083-79109,P,Tyler,Tyler Mahle,Mahle,27.782608695652176,23,9200,MIN@KC,MIN,KC,,,,,0,P
88083-82550,P,Hunter,Hunter Greene,Greene,31.208333333333332,24,9100,PIT@CIN,CIN,PIT,,,,Yes,,P
88083-17121,P,Miles,Miles Mikolas,Mikolas,30,34,9100,TOR@STL,STL,TOR,,,,Yes,,P
88083-52167,P,Andrew,Andrew Heaney,Heaney,30.764705882352942,17,9100,PHI@TEX,TEX,PHI,,,,,,P
88083-102294,P,Grayson,Grayson Rodriguez,Rodriguez,,,9100,BAL@BOS,BAL,BOS,,,,,,P
88083-13123,P,Alex,Alex Cobb,Cobb,28.5,28,9000,SF@NYY,SF,NYY,,,,,,P
88083-13233,P,Nathan,Nathan Eovaldi,Eovaldi,28.2,20,9000,PHI@TEX,TEX,PHI,,,,,,P
88083-60639,P,Jose,Jose Berrios,Berrios,25.09375,32,9000,TOR@STL,TOR,STL,,,,,,P
88083-102344,P,Brady,Brady Singer,Singer,31.88888888888889,27,9000,MIN@KC,KC,MIN,,,,,,P
88083-16961,P,Jameson,Jameson Taillon,Taillon,26.78787878787879,34,8900,MIL@CHC,CHC,MIL,,,,,,P
88083-82599,P,Edward,Edward Cabrera,Cabrera,29.714285714285715,14,8900,NYM@MIA,MIA,NYM,,,,,,P
88083-79246,P,Jack,Jack Flaherty,Flaherty,19.555555555555557,9,8900,TOR@STL,STL,TOR,,,,,,P
88083-6266,P,Carlos,Carlos Carrasco,Carrasco,29.8,30,8800,NYM@MIA,NYM,MIA,,,,,,P
88083-39041,P,Marcus,Marcus Stroman,Stroman,27.8,25,8800,MIL@CHC,CHC,MIL,,,,Yes,,P
88083-82607,P,Trevor,Trevor Rogers,Rogers,21.043478260869566,23,8800,NYM@MIA,MIA,NYM,,,,,,P
88083-182153,P,Kodai,Kodai Senga,Senga,,,8800,NYM@MIA,NYM,MIA,,,,,,P
88083-52165,P,Sean,Sean Manaea,Manaea,25.419354838709676,31,8700,SF@NYY,SF,NYY,,,,,,P
88083-83157,P,Ranger,Ranger Suarez,Suarez,25.205882352941178,34,8700,PHI@TEX,PHI,TEX,O,Forearm,,,,P
88083-79226,P,Eric,Eric Lauer,Lauer,30,29,8700,MIL@CHC,MIL,CHC,,,,,,P
88083-119391,P,Roansy,Roansy Contreras,Contreras,22.142857142857142,21,8600,PIT@CIN,PIT,CIN,,,,,,P
88083-21097,P,Taijuan,Taijuan Walker,Walker,27.896551724137932,29,8600,PHI@TEX,PHI,TEX,,,,,,P
88083-11328,P,Martin,Martin Perez,Perez,33.46875,32,8600,PHI@TEX,TEX,PHI,,,,,,P
88083-101810,P,Justin,Justin Steele,Steele,27.708333333333332,24,8600,MIL@CHC,CHC,MIL,,,,,,P
88083-68452,P,Kenta,Kenta Maeda,Maeda,24,23,8500,MIN@KC,MIN,KC,,,,,0,P
88083-5431,P,Adam,Adam Wainwright,Wainwright,28.03125,32,8500,TOR@STL,STL,TOR,O,Groin,,,,P
88083-38311,P,Ross,Ross Stripling,Stripling,21.90625,32,8500,SF@NYY,SF,NYY,,,,,,P
88083-102376,P,Garrett,Garrett Whitlock,Whitlock,13.64516129032258,31,8500,BAL@BOS,BOS,BAL,O,Hip,,,,P
88083-145612,P,Bailey,Bailey Ober,Ober,25.545454545454547,11,8400,MIN@KC,MIN,KC,,,,,0,P
88083-68482,P,Zach,Zach Eflin,Eflin,13.666666666666666,30,8400,DET@TB,TB,DET,,,,,,P
88083-38028,P,Alex,Alex Wood,Wood,24.423076923076923,26,8400,SF@NYY,SF,NYY,,,,,,P
88083-102515,P,Aaron,Aaron Ashby,Ashby,20.925925925925927,27,8300,MIL@CHC,MIL,CHC,IL,Shoulder,,,,P
88083-82635,P,MacKenzie,MacKenzie Gore,Gore,22.3125,16,8300,ATL@WSH,WSH,ATL,,,,,,P
88083-52142,P,Eduardo,Eduardo Rodriguez,Rodriguez,25.647058823529413,17,8300,DET@TB,DET,TB,,,,Yes,,P
88083-52174,P,Steven,Steven Matz,Matz,18.571428571428573,15,8300,TOR@STL,STL,TOR,,,,,,P
88083-163700,P,Kyle,Kyle Bradish,Bradish,23.565217391304348,23,8300,BAL@BOS,BAL,BOS,,,,,,P
88083-21099,P,Jose,Jose Quintana,Quintana,25.545454545454547,33,8200,NYM@MIA,NYM,MIA,O,Ribs,,,,P
88083-79161,P,Braxton,Braxton Garrett,Garrett,27.470588235294116,17,8200,NYM@MIA,MIA,NYM,,,,,,P
88083-118397,P,Trevor,Trevor Megill,Megill,6,39,8200,MIN@KC,MIN,KC,,,,,0,P
88083-163680,P,Brayan,Brayan Bello,Bello,20.53846153846154,13,8200,BAL@BOS,BOS,BAL,O,Forearm,,,,P
88083-79951,P,Nick,Nick Pivetta,Pivetta,27.242424242424242,33,8100,BAL@BOS,BOS,BAL,,,,,,P
88083-102502,P,Josiah,Josiah Gray,Gray,26.321428571428573,28,8100,ATL@WSH,WSH,ATL,,,,,,P
88083-79073,P,Michael,Michael Soroka,Soroka,,,8100,ATL@WSH,ATL,WSH,O,Hamstring,,,,P
88083-82540,P,Tanner,Tanner Houck,Houck,9.84375,32,8000,BAL@BOS,BOS,BAL,,,,,,P
88083-82618,P,David,David Peterson,Peterson,21.193548387096776,31,8000,NYM@MIA,NYM,MIA,,,,,,P
88083-165636,P,Hayden,Hayden Wesneski,Wesneski,34,6,8000,MIL@CHC,CHC,MIL,,,,,,P
88083-63781,P,Frankie,Frankie Montas,Montas,26.321428571428573,28,7900,SF@NYY,NYY,SF,O,Shoulder,,,,P
88083-182750,P,Andrew,Andrew Painter,Painter,,,7900,PHI@TEX,PHI,TEX,O,Elbow,,,,P
88083-119340,P,Tarik,Tarik Skubal,Skubal,30.857142857142858,21,7900,DET@TB,DET,TB,IL,Elbow,,,,P
88083-13627,P,Corey,Corey Kluber,Kluber,24.90625,32,7900,BAL@BOS,BOS,BAL,,,,Yes,,P
88083-65987,P,Domingo,Domingo German,German,21.375,16,7800,SF@NYY,NYY,SF,,,,,,P
88083-37999,P,Michael,Michael Wacha,Wacha,28.47826086956522,23,7800,COL@SD,SD,COL,,,,,,P
88083-145625,P,Bailey,Bailey Falter,Falter,19.80952380952381,21,7700,PHI@TEX,PHI,TEX,,,,,,P
88083-12936,P,Kyle,Kyle Gibson,Gibson,23.818181818181817,33,7700,BAL@BOS,BAL,BOS,,,,Yes,,P
88083-17087,P,Drew,Drew Smyly,Smyly,24.136363636363637,22,7700,MIL@CHC,CHC,MIL,,,,,,P
88083-68518,P,Spencer,Spencer Turnbull,Turnbull,30.444444444444443,9,7700,DET@TB,DET,TB,,,,,,P
88083-85269,P,Cole,Cole Irvin,Irvin,26.7,30,7700,BAL@BOS,BAL,BOS,,,,,,P
88083-53590,P,Nick,Nick Martinez,Martinez,10.666666666666666,54,7600,COL@SD,SD,COL,,,,,,P
88083-53607,P,Anthony,Anthony DeSclafani,DeSclafani,13.2,5,7600,SF@NYY,SF,NYY,,,,,,P
88083-79078,P,Ian,Ian Anderson,Anderson,23.818181818181817,22,7600,ATL@WSH,ATL,WSH,,,,,,P
88083-21098,P,James,James Paxton,Paxton,7,1,7500,BAL@BOS,BOS,BAL,O,Hamstring,,,,P
88083-5498,P,Johnny,Johnny Cueto,Cueto,28.96,25,7500,NYM@MIA,MIA,NYM,,,,,,P
88083-102001,P,Yusei,Yusei Kikuchi,Kikuchi,17.125,32,7500,TOR@STL,TOR,STL,,,,,,P
88083-165508,P,Graham,Graham Ashcraft,Ashcraft,22.263157894736842,19,7500,PIT@CIN,CIN,PIT,,,,,,P
88083-102447,P,Dean,Dean Kremer,Kremer,26.454545454545453,22,7400,BAL@BOS,BAL,BOS,,,,,,P
88083-135221,P,Cade,Cade Cavalli,Cavalli,10,1,7400,ATL@WSH,WSH,ATL,O,Elbow,,,,P
88083-145922,P,Tyler,Tyler Wells,Wells,19.73913043478261,23,7400,BAL@BOS,BAL,BOS,,,,,,P
88083-82621,P,Clarke,Clarke Schmidt,Schmidt,9.75,32,7400,SF@NYY,NYY,SF,,,,,,P
88083-79217,P,Mitch,Mitch Keller,Keller,24.70967741935484,31,7400,PIT@CIN,PIT,CIN,,,,Yes,,P
88083-101838,P,JT,JT Brubaker,Brubaker,24.928571428571427,28,7400,PIT@CIN,PIT,CIN,O,Elbow,,,,P
88083-52728,P,Michael,Michael Lorenzen,Lorenzen,27.22222222222222,18,7400,DET@TB,DET,TB,O,Groin,,,,P
88083-5983,P,Rich,Rich Hill,Hill,22.884615384615383,26,7400,PIT@CIN,PIT,CIN,,,,,,P
88083-97300,P,John,John Means,Means,18,2,7300,BAL@BOS,BAL,BOS,O,Elbow,,,,P
88083-79172,P,Luis,Luis Ortiz,Ortiz,6.833333333333333,6,7300,PHI@TEX,PHI,TEX,,,,,,P
88083-53398,P,Kyle,Kyle Hendricks,Hendricks,22.25,16,7200,MIL@CHC,CHC,MIL,O,Shoulder,,,,P
88083-73880,P,German,German Marquez,Marquez,26.35483870967742,31,7100,COL@SD,COL,SD,,,,Yes,,P
88083-11327,P,Matt,Matt Bush,Bush,5.292307692307692,65,7100,MIL@CHC,MIL,CHC,,,,,,P
88083-60632,P,Kyle,Kyle Freeland,Freeland,24.483870967741936,31,7100,COL@SD,COL,SD,,,,,,P
88083-79133,P,Matt,Matt Manning,Manning,24.75,12,7100,DET@TB,DET,TB,,,,,,P
88083-12929,P,Jordan,Jordan Lyles,Lyles,25.90625,32,7000,MIN@KC,KC,MIN,,,,,,P
88083-17116,P,Jake,Jake Odorizzi,Odorizzi,21.130434782608695,23,7000,PHI@TEX,TEX,PHI,IL,Arm,,,,P
88083-79103,P,Dane,Dane Dunning,Dunning,24.379310344827587,29,7000,PHI@TEX,TEX,PHI,,,,,,P
88083-102333,P,Daniel,Daniel Lynch,Lynch,21.185185185185187,27,7000,MIN@KC,KC,MIN,O,Shoulder,,,,P
88083-82625,P,Sixto,Sixto Sanchez,Sanchez,,,6900,NYM@MIA,MIA,NYM,O,Shoulder,,,,P
88083-82630,P,Shane,Shane Baz,Baz,23.333333333333332,6,6900,DET@TB,TB,DET,IL,Elbow,,,,P
88083-82810,P,Elieser,Elieser Hernandez,Hernandez,12.85,20,6900,NYM@MIA,NYM,MIA,O,Shoulder,,,,P
88083-82539,P,Jalen,Jalen Beeks,Beeks,8.487804878048781,42,6800,DET@TB,TB,DET,,,,,,P
88083-10978,P,Stephen,Stephen Strasburg,Strasburg,8,1,6800,ATL@WSH,WSH,ATL,O,Ribs,,,,P
88083-79147,P,Jakob,Jakob Junis,Junis,22.217391304347824,23,6800,SF@NYY,SF,NYY,,,,,,P
88083-12972,P,Wade,Wade Miley,Miley,19.555555555555557,9,6700,MIL@CHC,MIL,CHC,,,,,,P
88083-5522,P,Zack,Zack Greinke,Greinke,20.076923076923077,26,6700,MIN@KC,KC,MIN,,,,Yes,,P
88083-118195,P,Tejay,Tejay Antone,Antone,9.347826086956522,23,6700,PIT@CIN,CIN,PIT,O,Forearm,,,,P
88083-102297,P,Keegan,Keegan Thompson,Thompson,20.724137931034484,29,6700,MIL@CHC,CHC,MIL,,,,,,P
88083-102394,P,Luis,Luis Patino,Patino,7.5,6,6700,DET@TB,TB,DET,,,,,,P
88083-102458,P,Kutter,Kutter Crawford,Crawford,17.8,21,6600,BAL@BOS,BOS,BAL,,,,,,P
88083-70649,P,Adrian,Adrian Sampson,Sampson,22.666666666666668,21,6600,MIL@CHC,CHC,MIL,,,,,,P
88083-154714,P,Tylor,Tylor Megill,Megill,16.133333333333333,15,6600,NYM@MIA,NYM,MIA,,,,,,P
88083-135343,P,Max,Max Meyer,Meyer,10.5,2,6500,NYM@MIA,MIA,NYM,O,Elbow,,,,P
88083-68483,P,Trevor,Trevor Williams,Williams,14.9,30,6500,ATL@WSH,WSH,ATL,,,,,,P
88083-79079,P,Joey,Joey Wentz,Wentz,23.142857142857142,7,6500,DET@TB,DET,TB,,,,,,P
88083-38161,P,Chase,Chase Anderson,Anderson,11.333333333333334,9,6500,PIT@CIN,CIN,PIT,,,,,,P
88083-13664,P,Patrick,Patrick Corbin,Corbin,19.129032258064516,31,6500,ATL@WSH,WSH,ATL,,,,Yes,,P
88083-161167,P,Glenn,Glenn Otto,Otto,21.925925925925927,27,6500,PHI@TEX,TEX,PHI,IL,Lat,,,,P
88083-179725,P,Luis,Luis Ortiz,Ortiz,18.75,4,6500,PIT@CIN,PIT,CIN,,,,,,P
88083-156227,P,Josh,Josh Winder,Winder,18.466666666666665,15,6400,MIN@KC,MIN,KC,O,Shoulder,,,0,P
88083-68484,P,Chad,Chad Kuhl,Kuhl,20.296296296296298,27,6400,ATL@WSH,WSH,ATL,,,,,,P
88083-79072,P,Brad,Brad Keller,Keller,16.228571428571428,35,6400,MIN@KC,KC,MIN,,,,,,P
88083-179456,P,Louie,Louie Varland,Varland,22.8,5,6400,MIN@KC,MIN,KC,,,,,0,P
88083-79254,P,Dakota,Dakota Hudson,Hudson,19.48148148148148,27,6400,TOR@STL,STL,TOR,,,,,,P
88083-178415,P,Javier,Javier Assad,Assad,20,9,6300,MIL@CHC,CHC,MIL,,,,,,P
88083-170510,P,Matt,Matt Swarmer,Swarmer,15.727272727272727,11,6300,ATL@WSH,ATL,WSH,,,,,,P
88083-118206,P,Luis,Luis Gil,Gil,15,1,6300,SF@NYY,NYY,SF,O,Elbow,,,,P
88083-161465,P,Ryan,Ryan Feltner,Feltner,19.75,20,6300,COL@SD,COL,SD,,,,,,P
88083-161675,P,Jonathan,Jonathan Heasley,Heasley,18.61904761904762,21,6300,MIN@KC,KC,MIN,,,,,,P
88083-145610,P,Angel,Angel Zerpa,Zerpa,16,3,6200,MIN@KC,KC,MIN,IL,Shoulder,,,,P
88083-159099,P,Connor,Connor Overton,Overton,20.833333333333332,6,6200,PIT@CIN,CIN,PIT,,,,,,P
88083-169636,P,Beau,Beau Brieske,Brieske,22.333333333333332,15,6200,DET@TB,DET,TB,O,Arm,,,,P
88083-104672,P,Devin,Devin Smeltzer,Smeltzer,19.866666666666667,15,6100,NYM@MIA,MIA,NYM,,,,,,P
88083-53608,P,Jose,Jose Urena,Urena,17.333333333333332,21,6100,COL@SD,COL,SD,,,,,,P
88083-82534,P,Bryse,Bryse Wilson,Wilson,16.36,25,6100,MIL@CHC,MIL,CHC,,,,,,P
88083-79224,P,Chris,Chris Paddack,Paddack,20.6,5,6100,MIN@KC,MIN,KC,IL,Elbow,,,0,P
88083-102543,P,Connor,Connor Seabold,Seabold,8.6,5,6000,COL@SD,COL,SD,,,,,,P
88083-119426,P,Johan,Johan Oviedo,Oviedo,14.380952380952381,21,6000,PIT@CIN,PIT,CIN,,,,,,P
88083-82631,P,Taylor,Taylor Hearn,Hearn,14.838709677419354,31,6000,PHI@TEX,TEX,PHI,,,,,,P
88083-68490,P,Austin,Austin Voth,Voth,11.365853658536585,41,6000,BAL@BOS,BAL,BOS,,,,,,P
88083-66766,P,Adrian,Adrian Houser,Houser,18.772727272727273,22,6000,MIL@CHC,MIL,CHC,IL,Groin,,,,P
88083-102408,P,Matthew,Matthew Liberatore,Liberatore,14.555555555555555,9,5900,TOR@STL,STL,TOR,,,,,,P
88083-68485,P,Ryan,Ryan Yarbrough,Yarbrough,16.45,20,5900,MIN@KC,KC,MIN,,,,,,P
88083-79123,P,Tyler,Tyler Alexander,Alexander,13.481481481481481,27,5900,DET@TB,DET,TB,,,,,,P
88083-79270,P,Cole,Cole Ragans,Ragans,15,9,5900,PHI@TEX,TEX,PHI,,,,,,P
88083-163681,P,Josh,Josh Winckowski,Winckowski,16.466666666666665,15,5900,BAL@BOS,BOS,BAL,,,,,,P
88083-80409,P,Paolo,Paolo Espino,Espino,10.30952380952381,42,5800,ATL@WSH,WSH,ATL,,,,,,P
88083-82603,P,Mitch,Mitch White,White,14.44,25,5800,TOR@STL,TOR,STL,O,Elbow,,,,P
88083-68555,P,Brent,Brent Honeywell,Honeywell,4.333333333333333,3,5800,COL@SD,SD,COL,,,,,,P
88083-14003,P,Drew,Drew Hutchison,Hutchison,13.821428571428571,28,5800,TOR@STL,TOR,STL,O,Oblique,,,,P
88083-102440,P,Mike,Mike Baumann,Baumann,9.538461538461538,13,5700,BAL@BOS,BAL,BOS,,,,,,P
88083-82573,P,Alex,Alex Faedo,Faedo,17,12,5700,DET@TB,DET,TB,,,,,,P
88083-164530,P,Caleb,Caleb Kilian,Kilian,7.333333333333333,3,5700,MIL@CHC,CHC,MIL,,,,,,P
88083-155315,P,Spenser,Spenser Watkins,Watkins,17.545454545454547,23,5700,BAL@BOS,BAL,BOS,,,,,,P
88083-102505,P,Edwin,Edwin Uceta,Uceta,5.7,10,5600,DET@TB,DET,TB,,,,,,P
88083-37014,P,Hyun Jin,Hyun Jin Ryu,Ryu,15.666666666666666,6,5600,TOR@STL,TOR,STL,O,Elbow,,,,P
88083-80433,P,Dinelson,Dinelson Lamet,Lamet,5.931034482758621,32,5600,COL@SD,COL,SD,,,,,,P
88083-82546,P,Adbert,Adbert Alzolay,Alzolay,15.666666666666666,6,5600,MIL@CHC,CHC,MIL,,,,,,P
88083-68528,P,Chase,Chase De Jong,De Jong,8.69047619047619,42,5600,PIT@CIN,PIT,CIN,,,,,,P
88083-168950,P,Andre,Andre Pallante,Pallante,9.916666666666666,48,5600,TOR@STL,STL,TOR,,,,,,P
88083-68653,P,Luis,Luis Cessa,Cessa,7.043478260869565,46,5600,PIT@CIN,CIN,PIT,,,,,,P
88083-83098,P,Austin,Austin Gomber,Gomber,14.727272727272727,33,5600,COL@SD,COL,SD,,,,,,P
88083-118216,P,Tyson,Tyson Miller,Miller,5.75,4,5600,MIL@CHC,MIL,CHC,,,,,,P
88083-141024,P,Bruce,Bruce Zimmermann,Zimmermann,16.333333333333332,15,5600,BAL@BOS,BAL,BOS,,,,,,P
88083-102330,P,Kris,Kris Bubic,Bubic,18.678571428571427,28,5600,MIN@KC,KC,MIN,,,,,,P
88083-102405,P,Sean,Sean Hjelle,Hjelle,14.625,8,5500,SF@NYY,SF,NYY,,,,,,P
88083-81926,P,Andres,Andres Machado,Machado,5.137254901960785,51,5500,ATL@WSH,WSH,ATL,,,,,,P
88083-178184,P,Kevin,Kevin Herget,Herget,5,3,5500,PIT@CIN,CIN,PIT,,,,,,P
88083-135191,P,Josh,Josh Fleming,Fleming,12.9,10,5500,DET@TB,TB,DET,,,,,,P
88083-114708,P,Randy,Randy Dobnak,Dobnak,8.142857142857142,14,5500,MIN@KC,MIN,KC,,,,,0,P
88083-79895,P,Miguel,Miguel Diaz,Diaz,5.666666666666667,3,5500,DET@TB,DET,TB,,,,,,P
88083-161818,P,Dylan,Dylan Coleman,Coleman,5.731343283582089,68,5500,MIN@KC,KC,MIN,,,,,,P
88083-135192,P,Ryan,Ryan Thompson,Thompson,4.644444444444445,47,5500,DET@TB,TB,DET,,,,,,P
88083-79917,P,Casey,Casey Lawrence,Lawrence,7,6,5500,TOR@STL,TOR,STL,,,,,,P
88083-102449,P,Zac,Zac Lowther,Lowther,4,1,5500,BAL@BOS,BAL,BOS,,,,,,P
88083-135231,P,Jared,Jared Shuster,Shuster,,,5500,ATL@WSH,ATL,WSH,,,,,,P
88083-172092,P,Garrett,Garrett Hill,Hill,14.470588235294118,17,5500,DET@TB,DET,TB,,,,,,P
88083-79936,P,Mark,Mark Leiter Jr.,Leiter Jr.,9.82857142857143,35,5500,MIL@CHC,CHC,MIL,,,,,,P
88083-135236,P,Max,Max Kranick,Kranick,13.5,2,5500,PIT@CIN,PIT,CIN,IL,Elbow,,,,P
88083-135237,P,Nick,Nick Mears,Mears,6,2,5500,COL@SD,COL,SD,,,,,,P
88083-149577,P,Louis,Louis Head,Head,3.7142857142857144,28,5500,PHI@TEX,PHI,TEX,,,,,,P
88083-135250,P,Daniel,Daniel Castano,Castano,13.3,10,5500,NYM@MIA,MIA,NYM,,,,,,P
88083-102489,P,Carlos,Carlos Hernandez,Hernandez,5,27,5500,MIN@KC,KC,MIN,,,,,,P
88083-79960,P,Paul,Paul Fry,Fry,4.153846153846154,13,5500,TOR@STL,TOR,STL,,,,,,P
88083-135256,P,Connor,Connor Brogdon,Brogdon,5.648148148148148,54,5500,PHI@TEX,PHI,TEX,,,,,,P
88083-135257,P,Damon,Damon Jones,Jones,3.5,4,5500,PHI@TEX,PHI,TEX,DTD,Shoulder,,,,P
88083-135262,P,Anthony,Anthony Misiewicz,Misiewicz,4.258064516129032,32,5500,TOR@STL,STL,TOR,,,,,,P
88083-135264,P,Aaron,Aaron Fletcher,Fletcher,2.888888888888889,9,5500,SF@NYY,SF,NYY,,,,,,P
88083-82018,P,Victor,Victor Arano,Arano,4.674418604651163,43,5500,ATL@WSH,WSH,ATL,O,Shoulder,,,,P
88083-135270,P,Sam,Sam Delaplane,Delaplane,,,5500,SF@NYY,SF,NYY,,,,,,P
88083-102500,P,Robert,Robert Dugger,Dugger,18,4,5500,PIT@CIN,CIN,PIT,,,,,,P
88083-116839,P,David,David Bednar,Bednar,7.444444444444445,45,5500,PIT@CIN,PIT,CIN,,,,,,P
88083-73835,P,Ty,Ty Blach,Blach,5.791666666666667,24,5500,COL@SD,COL,SD,,,,,,P
88083-135279,P,Codi,Codi Heuer,Heuer,4.787878787878788,66,5500,MIL@CHC,CHC,MIL,IL,Elbow,,,,P
88083-73836,P,Juan,Juan Minaya,Minaya,8.333333333333334,6,5500,PIT@CIN,PIT,CIN,,,,,,P
88083-116846,P,Ronald,Ronald Bolanos,Bolanos,8,8,5500,MIN@KC,KC,MIN,,,,,,P
88083-161906,P,Dauri,Dauri Moreta,Moreta,4.794117647058823,35,5500,PIT@CIN,PIT,CIN,,,,,,P
88083-161907,P,Dylan,Dylan Lee,Lee,6.816326530612245,49,5500,ATL@WSH,ATL,WSH,,,,,,P
88083-135281,P,Bryan,Bryan Baker,Baker,5.846153846153846,66,5500,BAL@BOS,BAL,BOS,,,,,,P
88083-102517,P,Jhoan,Jhoan Duran,Duran,7.719298245614035,57,5500,MIN@KC,MIN,KC,,,,,0,P
88083-178306,P,Bryan,Bryan Hoeing,Hoeing,1.375,8,5500,NYM@MIA,MIA,NYM,,,,,,P
88083-102530,P,Spencer,Spencer Howard,Howard,12.8,10,5500,PHI@TEX,TEX,PHI,IL,Arm,,,,P
88083-135303,P,Jordan,Jordan Weems,Weems,5.580645161290323,32,5500,ATL@WSH,WSH,ATL,,,,,,P
88083-102536,P,Nick,Nick Nelson,Nelson,6.729166666666667,48,5500,PHI@TEX,PHI,TEX,O,Hamstring,,,,P
88083-114827,P,John,John Schreiber,Schreiber,6.238095238095238,64,5500,BAL@BOS,BOS,BAL,,,,,,P
88083-73866,P,Wandy,Wandy Peralta,Peralta,5.129032258064516,63,5500,SF@NYY,NYY,SF,,,,,,P
88083-170128,P,Cam,Cam Alldred,Alldred,6,1,5500,PIT@CIN,PIT,CIN,,,,,,P
88083-170135,P,Yennier,Yennier Cano,Cano,4.153846153846154,13,5500,BAL@BOS,BAL,BOS,,,,,,P
88083-73878,P,Matt,Matt Koch,Koch,2.5,4,5500,COL@SD,COL,SD,,,,,,P
88083-73882,P,Joely,Joely Rodriguez,Rodriguez,4.886792452830188,55,5500,BAL@BOS,BOS,BAL,O,Oblique,,,,P
88083-102556,P,Art,Art Warren,Warren,4.2631578947368425,39,5500,SF@NYY,NYY,SF,O,Elbow,,,,P
88083-80033,P,Emilio,Emilio Pagan,Pagan,6.413793103448276,59,5500,MIN@KC,MIN,KC,,,,,0,P
88083-102560,P,Camilo,Camilo Doval,Doval,6.205882352941177,68,5500,SF@NYY,SF,NYY,,,,,,P
88083-80034,P,Jose,Jose Alvarado,Alvarado,6.014084507042254,71,5500,PHI@TEX,PHI,TEX,,,,,,P
88083-102565,P,Mason,Mason Englert,Englert,,,5500,DET@TB,DET,TB,,,,,,P
88083-12452,P,Kenley,Kenley Jansen,Jansen,6.17910447761194,67,5500,BAL@BOS,BOS,BAL,,,,,,P
88083-102568,P,Colin,Colin Poche,Poche,4.8307692307692305,65,5500,DET@TB,TB,DET,,,,,,P
88083-39081,P,Chasen,Chasen Shreve,Shreve,4.6,25,5500,DET@TB,DET,TB,,,,,,P
88083-102574,P,Jake,Jake Woodford,Woodford,7.592592592592593,27,5500,TOR@STL,STL,TOR,,,,,,P
88083-12463,P,Greg,Greg Holland,Holland,3.4,5,5500,PHI@TEX,TEX,PHI,,,,,,P
88083-145591,P,Eduard,Eduard Bazardo,Bazardo,6.083333333333333,12,5500,BAL@BOS,BAL,BOS,,,,,,P
88083-71875,P,Mike,Mike Mayers,Mayers,8.565217391304348,24,5500,MIN@KC,KC,MIN,,,,,,P
88083-135361,P,Nabil,Nabil Crismatt,Crismatt,7.36734693877551,50,5500,COL@SD,SD,COL,,,,,,P
88083-145622,P,Matt,Matt Peacock,Peacock,3.3333333333333335,9,5500,TOR@STL,TOR,STL,,,,,,P
88083-145620,P,Helcris,Helcris Olivarez,Olivarez,,,5500,COL@SD,COL,SD,O,Shoulder,,,,P
88083-145627,P,Lucas,Lucas Gilbreath,Gilbreath,4.956521739130435,47,5500,COL@SD,COL,SD,IL,Elbow,,,,P
88083-145630,P,Kervin,Kervin Castro,Castro,2.8,10,5500,DET@TB,DET,TB,,,,,,P
88083-145629,P,Mason,Mason Thompson,Thompson,4.391304347826087,24,5500,ATL@WSH,WSH,ATL,,,,,,P
88083-149731,P,Anthony,Anthony Bender,Bender,4.476190476190476,22,5500,NYM@MIA,MIA,NYM,IL,Elbow,,,,P
88083-178411,P,Michael,Michael Plassmeyer,Plassmeyer,17,2,5500,PHI@TEX,PHI,TEX,,,,,,P
88083-110824,P,Trevor,Trevor Kelley,Kelley,5.764705882352941,18,5500,DET@TB,TB,DET,,,,,,P
88083-170254,P,Colin,Colin Holderman,Holderman,6.565217391304348,24,5500,PIT@CIN,PIT,CIN,,,,,,P
88083-157997,P,Sean,Sean Guenther,Guenther,3.0714285714285716,14,5500,DET@TB,DET,TB,O,Elbow,,,,P
88083-174406,P,Huascar,Huascar Brazoban,Brazoban,7,27,5500,NYM@MIA,MIA,NYM,,,,,,P
88083-170323,P,Nick,Nick Vespi,Vespi,6.28,25,5500,BAL@BOS,BAL,BOS,,,,,,P
88083-170324,P,Brandon,Brandon Hughes,Hughes,5.875,57,5500,MIL@CHC,CHC,MIL,O,Knee,,,,P
88083-53599,P,Chi Chi,Chi Chi Gonzalez,Gonzalez,9.857142857142858,7,5500,NYM@MIA,MIA,NYM,,,,,,P
88083-57717,P,Buck,Buck Farmer,Farmer,5.795454545454546,44,5500,PIT@CIN,CIN,PIT,,,,,,P
88083-149886,P,Cody,Cody Poteet,Poteet,9.25,12,5500,MIN@KC,KC,MIN,O,Elbow,,,,P
88083-160141,P,Nick,Nick Snyder,Snyder,-3,2,5500,PHI@TEX,TEX,PHI,,,,,,P
88083-170384,P,Yerry,Yerry De Los Santos,De Los Santos,4.52,26,5500,PIT@CIN,PIT,CIN,,,,,,P
88083-61858,P,Raisel,Raisel Iglesias,Iglesias,5.4,70,5500,ATL@WSH,ATL,WSH,O,Shoulder,,,,P
88083-65968,P,Silvino,Silvino Bracho,Bracho,5.333333333333333,3,5500,PIT@CIN,CIN,PIT,,,,,,P
88083-158134,P,Stephen,Stephen Ridings,Ridings,6.6,5,5500,NYM@MIA,NYM,MIA,O,Shoulder,,,,P
88083-84431,P,Dereck,Dereck Rodriguez,Rodriguez,13,2,5500,MIN@KC,MIN,KC,,,,,0,P
88083-80345,P,Reyes,Reyes Moronta,Moronta,4.743589743589744,39,5500,PHI@TEX,TEX,PHI,,,,,,P
88083-80346,P,Giovanny,Giovanny Gallegos,Gallegos,6.275862068965517,59,5500,TOR@STL,STL,TOR,,,,,,P
88083-117232,P,Michael,Michael King,King,10.235294117647058,34,5500,SF@NYY,NYY,SF,,,,,,P
88083-145918,P,Will,Will Vest,Vest,5.288135593220339,59,5500,DET@TB,DET,TB,,,,,,P
88083-145919,P,Paul,Paul Campbell,Campbell,7.0625,16,5500,NYM@MIA,MIA,NYM,O,Elbow,,,,P
88083-145916,P,Zach,Zach Pop,Pop,5.111111111111111,36,5500,TOR@STL,TOR,STL,,,,,,P
88083-119310,P,Noah,Noah Song,Song,,,5500,PHI@TEX,PHI,TEX,O,Back,,,,P
88083-170514,P,Jose,Jose Cuas,Cuas,4.127659574468085,47,5500,MIN@KC,KC,MIN,,,,,,P
88083-170512,P,Peter,Peter Strzelecki,Strzelecki,6.8,30,5500,MIL@CHC,MIL,CHC,,,,,,P
88083-119316,P,Thaddeus,Thaddeus Ward,Ward,,,5500,ATL@WSH,WSH,ATL,,,,,,P
88083-162328,P,Reiver,Reiver Sanmartin,Sanmartin,4.8,45,5500,PIT@CIN,CIN,PIT,,,,,,P
88083-170527,P,Jason,Jason Alexander,Alexander,13.333333333333334,18,5500,MIL@CHC,MIL,CHC,IL,Shoulder,,,,P
88083-119328,P,Packy,Packy Naughton,Naughton,5.3076923076923075,26,5500,TOR@STL,STL,TOR,,,,,,P
88083-64044,P,Tyler,Tyler Duffey,Duffey,4.725,40,5500,MIL@CHC,CHC,MIL,,,,,,P
88083-119356,P,Oliver,Oliver Ortega,Ortega,6.185185185185185,28,5500,MIN@KC,MIN,KC,,,,,0,P
88083-72265,P,Matt,Matt Strahm,Strahm,5.244897959183674,50,5500,PHI@TEX,PHI,TEX,,,,,,P
88083-80460,P,John,John Brebbia,Brebbia,4.52054794520548,76,5500,SF@NYY,SF,NYY,,,,,,P
88083-150107,P,Tommy,Tommy Nance,Nance,7.171428571428572,35,5500,NYM@MIA,MIA,NYM,O,Shoulder,,,,P
88083-16986,P,Alex,Alex Colome,Colome,3.1176470588235294,53,5500,ATL@WSH,WSH,ATL,,,,,,P
88083-80476,P,Jackson,Jackson Stephens,Stephens,6.65,40,5500,ATL@WSH,ATL,WSH,,,,,,P
88083-16989,P,Wilking,Wilking Rodriguez,Rodriguez,,,5500,TOR@STL,STL,TOR,O,Shoulder,,,,P
88083-16994,P,Lucas,Lucas Luetge,Luetge,6.5,50,5500,ATL@WSH,ATL,WSH,,,,,,P
88083-82537,P,DL,DL Hall,Hall,7,11,5500,BAL@BOS,BAL,BOS,,,,,,P
88083-21096,P,Erasmo,Erasmo Ramirez,Ramirez,6.366666666666666,60,5500,ATL@WSH,WSH,ATL,,,,,,P
88083-82538,P,Darwinzon,Darwinzon Hernandez,Hernandez,-0.16666666666666666,7,5500,BAL@BOS,BAL,BOS,,,,,,P
88083-156272,P,Reiss,Reiss Knehr,Knehr,10.6,5,5500,COL@SD,SD,COL,,,,,,P
88083-82547,P,Thomas,Thomas Hatch,Hatch,-4,1,5500,TOR@STL,TOR,STL,,,,,,P
88083-82549,P,Brendon,Brendon Little,Little,-7,1,5500,MIL@CHC,CHC,MIL,,,,,,P
88083-82548,P,Alex,Alex Lange,Lange,5.71830985915493,71,5500,DET@TB,DET,TB,,,,,,P
88083-119416,P,Brandon,Brandon Williamson,Williamson,,,5500,PIT@CIN,CIN,PIT,,,,,,P
88083-82552,P,Tony,Tony Santillan,Santillan,4.3,21,5500,PIT@CIN,CIN,PIT,O,Back,,,,P
88083-119423,P,Zack,Zack Thompson,Thompson,7.590909090909091,22,5500,TOR@STL,STL,TOR,,,,,,P
88083-17026,P,Heath,Heath Hembree,Hembree,3.1153846153846154,26,5500,DET@TB,TB,DET,,,,,,P
88083-82572,P,Gregory,Gregory Soto,Soto,4.796875,64,5500,PHI@TEX,PHI,TEX,,,,,,P
88083-17037,P,Trevor,Trevor Rosenthal,Rosenthal,,,5500,DET@TB,DET,TB,,,,,,P
88083-170647,P,Jared,Jared Koenig,Koenig,11.5,10,5500,COL@SD,SD,COL,,,,,,P
88083-82587,P,Richard,Richard Lovelady,Lovelady,5.95,20,5500,MIN@KC,KC,MIN,,,,,,P
88083-82592,P,Dennis,Dennis Santana,Santana,4.031746031746032,63,5500,NYM@MIA,NYM,MIA,,,,,,P
88083-80570,P,Jimmy,Jimmy Yacabonis,Yacabonis,5.142857142857143,14,5500,NYM@MIA,NYM,MIA,,,,,,P
88083-82627,P,JoJo,JoJo Romero,Romero,4.866666666666666,17,5500,TOR@STL,STL,TOR,,,,,,P
88083-82634,P,Logan,Logan Allen,Allen,5,7,5500,COL@SD,COL,SD,,,,,,P
88083-82636,P,Joey,Joey Lucchesi,Lucchesi,17,11,5500,NYM@MIA,NYM,MIA,,,,,,P
88083-82639,P,Ryan,Ryan Helsley,Helsley,9.090909090909092,55,5500,TOR@STL,STL,TOR,,,,,,P
88083-82638,P,Jordan,Jordan Hicks,Hicks,8.333333333333334,37,5500,TOR@STL,STL,TOR,,,,,,P
88083-82647,P,Brendan,Brendan McKay,McKay,,,5500,DET@TB,TB,DET,O,Elbow,,,,P
88083-82649,P,Hans,Hans Crouse,Crouse,7.5,2,5500,PHI@TEX,PHI,TEX,,,,,,P
88083-21210,P,Mychal,Mychal Givens,Givens,6.283333333333333,61,5500,BAL@BOS,BAL,BOS,O,Knee,,,,P
88083-82653,P,Ryan,Ryan Borucki,Borucki,3.3225806451612905,32,5500,MIL@CHC,CHC,MIL,,,,,,P
88083-82657,P,Wil,Wil Crowe,Crowe,6.155172413793103,60,5500,PIT@CIN,PIT,CIN,,,,,,P
88083-82656,P,Nate,Nate Pearson,Pearson,7.5,12,5500,TOR@STL,TOR,STL,,,,,,P
88083-53990,P,Shawn,Shawn Armstrong,Armstrong,6.235294117647059,51,5500,DET@TB,TB,DET,IL,Neck,,,,P
88083-84727,P,Drew,Drew Smith,Smith,6.130434782608695,46,5500,NYM@MIA,NYM,MIA,,,,,,P
88083-154368,P,Vinny,Vinny Nittoli,Nittoli,4.5,2,5500,MIL@CHC,CHC,MIL,,,,,,P
88083-135976,P,Bennett,Bennett Sousa,Sousa,2.4074074074074074,27,5500,PIT@CIN,CIN,PIT,,,,,,P
88083-178997,P,Greg,Greg Weissert,Weissert,5.333333333333333,12,5500,SF@NYY,NYY,SF,,,,,,P
88083-13118,P,Justin,Justin Wilson,Wilson,5.8,5,5500,MIL@CHC,MIL,CHC,IL,Elbow,,,,P
88083-84815,P,Joey,Joey Krehbiel,Krehbiel,4.781818181818182,56,5500,BAL@BOS,BAL,BOS,,,,,,P
88083-183135,P,Christian,Christian Mejias,Mejias,,,5500,MIL@CHC,MIL,CHC,,,,,,P
88083-183133,P,Curtis,Curtis Taylor,Taylor,,,5500,MIL@CHC,CHC,MIL,,,,,,P
88083-11108,P,Aroldis,Aroldis Chapman,Chapman,5.073170731707317,43,5500,MIN@KC,KC,MIN,,,,,,P
88083-68466,P,Steven,Steven Okert,Okert,5.4576271186440675,60,5500,NYM@MIA,MIA,NYM,O,Groin,,,,P
88083-70517,P,Chad,Chad Green,Green,6,14,5500,TOR@STL,TOR,STL,IL,Elbow,,,,P
88083-68468,P,Tyler,Tyler Danish,Danish,5.1875,32,5500,SF@NYY,NYY,SF,,,,,,P
88083-68475,P,JT,JT Chargois,Chargois,5.333333333333333,21,5500,NYM@MIA,MIA,NYM,,,,,,P
88083-68474,P,Josh,Josh Hader,Hader,6.169491525423729,61,5500,COL@SD,SD,COL,,,,,,P
88083-68476,P,Taylor,Taylor Rogers,Rogers,5.6461538461538465,66,5500,SF@NYY,SF,NYY,,,,,,P
88083-95115,P,Josh,Josh Rogers,Rogers,5.125,16,5500,COL@SD,COL,SD,,,,,,P
88083-170889,P,Aneurys,Aneurys Zabala,Zabala,7,2,5500,DET@TB,DET,TB,,,,,,P
88083-170895,P,Jake,Jake Bird,Bird,5.342105263157895,38,5500,COL@SD,COL,SD,,,,,,P
88083-23437,P,Brooks,Brooks Raley,Raley,5.183333333333334,61,5500,NYM@MIA,NYM,MIA,,,,,,P
88083-82836,P,Julian,Julian Fernandez,Fernandez,1.3333333333333333,6,5500,TOR@STL,TOR,STL,,,,,,P
88083-82840,P,Yonny,Yonny Chirinos,Chirinos,22.5,2,5500,DET@TB,TB,DET,,,,,,P
88083-68507,P,Duane,Duane Underwood Jr.,Underwood Jr.,5.3,51,5500,PIT@CIN,PIT,CIN,,,,,,P
88083-68510,P,Amir,Amir Garrett,Garrett,3.896551724137931,60,5500,MIN@KC,KC,MIN,,,,,,P
88083-80801,P,Hoby,Hoby Milner,Milner,4.82089552238806,67,5500,MIL@CHC,MIL,CHC,,,,,,P
88083-68517,P,Antonio,Antonio Senzatela,Senzatela,17.526315789473685,19,5500,COL@SD,COL,SD,O,Knee,,,,P
88083-68520,P,Michael,Michael Fulmer,Fulmer,4.955223880597015,67,5500,MIL@CHC,CHC,MIL,,,,,,P
88083-179118,P,Zack,Zack Kelly,Kelly,4.769230769230769,13,5500,BAL@BOS,BOS,BAL,,,,,,P
88083-52141,P,Lucas,Lucas Sims,Sims,3.3333333333333335,6,5500,PIT@CIN,CIN,PIT,O,Back,,,,P
88083-52143,P,Hunter,Hunter Harvey,Harvey,6.105263157894737,38,5500,ATL@WSH,WSH,ATL,,,,,,P
88083-52146,P,Carl,Carl Edwards Jr.,Edwards Jr.,5.842105263157895,57,5500,ATL@WSH,WSH,ATL,,,,,,P
88083-68530,P,Jarlin,Jarlin Garcia,Garcia,5.142857142857143,58,5500,PIT@CIN,PIT,CIN,O,Biceps,,,,P
88083-52148,P,Pierce,Pierce Johnson,Johnson,6.611111111111111,18,5500,COL@SD,COL,SD,,,,,,P
88083-70585,P,Richard,Richard Bleier,Bleier,3.6363636363636362,55,5500,BAL@BOS,BOS,BAL,,,,,,P
88083-52152,P,Robert,Robert Stephenson,Stephenson,4.241379310344827,58,5500,PIT@CIN,PIT,CIN,O,Elbow,,,,P
88083-179129,P,Jeremiah,Jeremiah Estrada,Estrada,7,5,5500,MIL@CHC,CHC,MIL,,,,,,P
88083-52160,P,Mark,Mark Appel,Appel,6.666666666666667,6,5500,PHI@TEX,PHI,TEX,,,,,,P
88083-68548,P,Edwin,Edwin Diaz,Diaz,8.65625,64,5500,NYM@MIA,NYM,MIA,O,Knee,,,,P
88083-68552,P,Sam,Sam Coonrod,Coonrod,3.4166666666666665,12,5500,NYM@MIA,NYM,MIA,O,Lat,,,,P
88083-13258,P,Wily,Wily Peralta,Peralta,6.785714285714286,28,5500,ATL@WSH,WSH,ATL,,,,,,P
88083-68556,P,Dillon,Dillon Tate,Tate,5.223880597014926,67,5500,BAL@BOS,BAL,BOS,O,Elbow,,,,P
88083-5069,P,Craig,Craig Stammen,Stammen,5.40625,33,5500,COL@SD,SD,COL,O,Shoulder,,,,P
88083-68561,P,Luke,Luke Weaver,Weaver,5.730769230769231,27,5500,PIT@CIN,CIN,PIT,O,Forearm,,,,P
88083-13268,P,Danny,Danny Duffy,Duffy,28.23076923076923,13,5500,PHI@TEX,TEX,PHI,DTD,Forearm,,,,P
88083-13271,P,Will,Will Smith,Smith,4.545454545454546,66,5500,PHI@TEX,TEX,PHI,,,,,,P
88083-52184,P,Matt,Matt Wisler,Wisler,5.6923076923076925,39,5500,DET@TB,DET,TB,,,,,,P
88083-82911,P,Adam,Adam Cimber,Cimber,4.848101265822785,79,5500,TOR@STL,TOR,STL,,,,,,P
88083-52191,P,Kyle,Kyle Crick,Crick,6.866666666666666,15,5500,DET@TB,TB,DET,,,,,,P
88083-52192,P,Luke,Luke Jackson,Jackson,4.987804878048781,82,5500,SF@NYY,SF,NYY,O,Elbow,,,,P
88083-70624,P,Chris,Chris Stratton,Stratton,5.762711864406779,60,5500,TOR@STL,STL,TOR,,,,,,P
88083-52194,P,Aaron,Aaron Sanchez,Sanchez,12.6,15,5500,MIN@KC,MIN,KC,,,,,0,P
88083-52195,P,Daniel,Daniel Norris,Norris,7.1,41,5500,PIT@CIN,CIN,PIT,,,,,,P
88083-70629,P,Jacob,Jacob Barnes,Barnes,3.590909090909091,23,5500,PHI@TEX,TEX,PHI,,,,,,P
88083-82923,P,Luke,Luke Bard,Bard,7.333333333333333,9,5500,TOR@STL,TOR,STL,,,,,,P
88083-82922,P,Tyler,Tyler Kinley,Kinley,6.12,25,5500,COL@SD,COL,SD,IL,Elbow,,,,P
88083-82924,P,Tim,Tim Hill,Hill,3.4482758620689653,58,5500,COL@SD,SD,COL,,,,,,P
88083-68590,P,Javy,Javy Guerra,Guerra,3.6666666666666665,18,5500,MIL@CHC,MIL,CHC,,,,,,P
88083-82935,P,Trevor,Trevor Richards,Richards,5.612903225806452,63,5500,TOR@STL,TOR,STL,,,,,,P
88083-13312,P,Ryan,Ryan Brasier,Brasier,3.8656716417910446,68,5500,BAL@BOS,BOS,BAL,,,,,,P
88083-82974,P,Tanner,Tanner Rainey,Rainey,5.896551724137931,29,5500,ATL@WSH,WSH,ATL,O,Elbow,,,,P
88083-82999,P,Scott,Scott Barlow,Barlow,6.405797101449275,69,5500,MIN@KC,KC,MIN,,,,,,P
88083-82998,P,Lou,Lou Trivino,Trivino,4.794117647058823,69,5500,SF@NYY,NYY,SF,O,Elbow,,,,P
88083-11325,P,Sean,Sean Doolittle,Doolittle,5.666666666666667,6,5500,ATL@WSH,WSH,ATL,O,Elbow,,,,P
88083-154688,P,Jake,Jake Cousins,Cousins,8.583333333333334,12,5500,MIL@CHC,MIL,CHC,,,,,,P
88083-11333,P,Craig,Craig Kimbrel,Kimbrel,5.666666666666667,63,5500,PHI@TEX,PHI,TEX,,,,,,P
88083-11335,P,Jay,Jay Jackson,Jackson,3.5,2,5500,TOR@STL,TOR,STL,,,,,,P
88083-179275,P,Fernando,Fernando Cruz,Cruz,7.769230769230769,14,5500,PIT@CIN,CIN,PIT,,,,,,P
88083-13404,P,Anthony,Anthony Bass,Bass,5.602739726027397,75,5500,TOR@STL,TOR,STL,,,,,,P
88083-13421,P,Arodys,Arodys Vizcaino,Vizcaino,2.3333333333333335,7,5500,MIN@KC,KC,MIN,,,,,,P
88083-83056,P,Eric,Eric Stout,Stout,5,20,5500,MIL@CHC,CHC,MIL,,,,,,P
88083-38001,P,Matt,Matt Barnes,Barnes,3.727272727272727,44,5500,NYM@MIA,MIA,NYM,,,,,,P
88083-85107,P,James,James Norwood,Norwood,4,20,5500,SF@NYY,NYY,SF,,,,,,P
88083-13438,P,Drew,Drew Pomeranz,Pomeranz,5.851851851851852,27,5500,COL@SD,SD,COL,O,Elbow,,,,P
88083-179339,P,Bryce,Bryce Montes de Oca,Montes de Oca,5.333333333333333,3,5500,NYM@MIA,NYM,MIA,O,Elbow,,,,P
88083-38036,P,T.J.,T.J. McFarland,McFarland,2.740740740740741,28,5500,NYM@MIA,NYM,MIA,,,,,,P
88083-152734,P,Zach,Zach Thompson,Thompson,15.551724137931034,29,5500,TOR@STL,TOR,STL,,,,,,P
88083-81052,P,Andrew,Andrew Kittredge,Kittredge,5.823529411764706,17,5500,DET@TB,TB,DET,IL,Elbow,,,,P
88083-152733,P,Griffin,Griffin Jax,Jax,6.338461538461538,65,5500,MIN@KC,MIN,KC,,,,,0,P
88083-154794,P,Joe,Joe Barlow,Barlow,4.628571428571429,35,5500,PHI@TEX,TEX,PHI,,,,,,P
88083-140459,P,John,John King,King,4.7631578947368425,39,5500,PHI@TEX,TEX,PHI,,,,,,P
88083-62641,P,Andrew,Andrew Bellatti,Bellatti,6.059701492537314,67,5500,PHI@TEX,PHI,TEX,,,,,,P
88083-160965,P,Elvis,Elvis Peguero,Peguero,3.769230769230769,13,5500,MIL@CHC,MIL,CHC,,,,,,P
88083-83142,P,Jake,Jake Jewell,Jewell,2.7,10,5500,PHI@TEX,PHI,TEX,,,,,,P
88083-83145,P,Jose,Jose Castillo,Castillo,3,1,5500,COL@SD,SD,COL,O,Shoulder,,,,P
88083-83147,P,Brad,Brad Wieck,Wieck,9,15,5500,MIL@CHC,CHC,MIL,O,Elbow,,,,P
88083-66765,P,Jorge,Jorge Lopez,Lopez,5.954545454545454,67,5500,MIN@KC,MIN,KC,,,,,0,P
88083-83158,P,Seranthony,Seranthony Dominguez,Dominguez,6.555555555555555,63,5500,PHI@TEX,PHI,TEX,,,,,,P
88083-83163,P,Jonathan,Jonathan Loaisiga,Loaisiga,4.25,56,5500,SF@NYY,NYY,SF,,,,,,P
88083-79067,P,Alex,Alex Young,Young,5.12,25,5500,PIT@CIN,CIN,PIT,,,,,,P
88083-38106,P,Kirby,Kirby Yates,Yates,3,9,5500,ATL@WSH,ATL,WSH,,,,,,P
88083-79066,P,Anthony,Anthony Banda,Banda,3.8666666666666667,32,5500,ATL@WSH,WSH,ATL,,,,,,P
88083-79071,P,Taylor,Taylor Clarke,Clarke,5.282608695652174,47,5500,MIN@KC,KC,MIN,,,,,,P
88083-83166,P,Zack,Zack Littell,Littell,5.078947368421052,39,5500,PHI@TEX,TEX,PHI,,,,,,P
88083-152806,P,Jason,Jason Foley,Foley,3.966666666666667,60,5500,DET@TB,DET,TB,,,,,,P
88083-83172,P,Jonathan,Jonathan Hernandez,Hernandez,5.310344827586207,29,5500,PHI@TEX,TEX,PHI,,,,,,P
88083-79076,P,Kolby,Kolby Allard,Allard,7.5,10,5500,ATL@WSH,ATL,WSH,IL,Oblique,,,,P
88083-169195,P,Jeff,Jeff Singer,Singer,,,5500,PHI@TEX,PHI,TEX,,,,,,P
88083-79085,P,Keegan,Keegan Akin,Akin,9.044444444444444,45,5500,BAL@BOS,BAL,BOS,,,,,,P
88083-79084,P,Tanner,Tanner Scott,Scott,5.9393939393939394,67,5500,NYM@MIA,MIA,NYM,,,,,,P
88083-60656,P,Jeff,Jeff Hoffman,Hoffman,6.4,35,5500,MIN@KC,MIN,KC,,,,,0,P
88083-83184,P,Julian,Julian Merryweather,Merryweather,3.56,26,5500,MIL@CHC,CHC,MIL,,,,,,P
88083-79095,P,Jay,Jay Groome,Groome,,,5500,COL@SD,SD,COL,,,,,,P
88083-5370,P,Daniel,Daniel Bard,Bard,6.928571428571429,57,5500,COL@SD,COL,SD,,,,,,P
88083-79107,P,Vladimir,Vladimir Gutierrez,Gutierrez,11,10,5500,PIT@CIN,CIN,PIT,IL,Elbow,,,,P
88083-85253,P,Casey,Casey Mize,Mize,12,2,5500,DET@TB,DET,TB,IL,Elbow,,,,P
88083-21764,P,Caleb,Caleb Thielbar,Thielbar,5.651515151515151,67,5500,MIN@KC,MIN,KC,,,,,0,P
88083-146702,P,Cole,Cole Sands,Sands,10.545454545454545,11,5500,MIN@KC,MIN,KC,,,,,0,P
88083-79117,P,Peter,Peter Lambert,Lambert,2.5,2,5500,COL@SD,COL,SD,,,,,,P
88083-79124,P,Joe,Joe Jimenez,Jimenez,5.693548387096774,62,5500,ATL@WSH,ATL,WSH,,,,,,P
88083-79129,P,Kyle,Kyle Funkhouser,Funkhouser,6.280701754385965,57,5500,PHI@TEX,TEX,PHI,O,Shoulder,,,,P
88083-23834,P,Collin,Collin McHugh,McHugh,6.833333333333333,60,5500,ATL@WSH,ATL,WSH,,,,,,P
88083-179490,P,Cole,Cole Waites,Waites,3.2857142857142856,7,5500,SF@NYY,SF,NYY,,,,,,P
88083-83232,P,Jason,Jason Adam,Adam,5.970588235294118,68,5500,DET@TB,TB,DET,,,,,,P
88083-116002,P,Joel,Joel Kuhnel,Kuhnel,4.4423076923076925,53,5500,PIT@CIN,CIN,PIT,,,,,,P
88083-85286,P,Ian,Ian Gibaut,Gibaut,6,34,5500,PIT@CIN,CIN,PIT,,,,,,P
88083-85289,P,Nick,Nick Anderson,Anderson,2,6,5500,ATL@WSH,ATL,WSH,,,,,,P
88083-38189,P,Michael,Michael Tonkin,Tonkin,,,5500,ATL@WSH,ATL,WSH,,,,,,P
88083-79150,P,Josh,Josh Staumont,Staumont,4.365853658536586,42,5500,MIN@KC,KC,MIN,,,,,,P
88083-79169,P,Jordan,Jordan Sheffield,Sheffield,4.5,2,5500,COL@SD,COL,SD,,,,,,P
88083-13635,P,Brad,Brad Hand,Hand,4.283333333333333,62,5500,COL@SD,COL,SD,,,,,,P
88083-38216,P,Jose,Jose Cisnero,Cisnero,5.035714285714286,28,5500,DET@TB,DET,TB,,,,,,P
88083-38217,P,Tommy,Tommy Kahnle,Kahnle,5.133333333333334,16,5500,SF@NYY,NYY,SF,O,Biceps,,,,P
88083-79185,P,Justin,Justin Dunn,Dunn,14.714285714285714,7,5500,PIT@CIN,CIN,PIT,O,Shoulder,,,,P
88083-177491,P,Parker,Parker Bugg,Bugg,,,5500,MIN@KC,MIN,KC,,,,,0,P
88083-79184,P,Thomas,Thomas Szapucki,Szapucki,5.7272727272727275,11,5500,SF@NYY,SF,NYY,O,Arm,,,,P
88083-177493,P,Andrew,Andrew Nardi,Nardi,5.6923076923076925,13,5500,NYM@MIA,MIA,NYM,,,,,,P
88083-79196,P,Albert,Albert Abreu,Abreu,6.0606060606060606,33,5500,SF@NYY,NYY,SF,,,,,,P
88083-79201,P,Anthony,Anthony Kay,Kay,12,1,5500,MIL@CHC,CHC,MIL,,,,,,P
88083-79209,P,A.J.,A.J. Puk,Puk,6.262295081967213,62,5500,NYM@MIA,MIA,NYM,,,,,,P
88083-38251,P,Hunter,Hunter Strickland,Strickland,4.3538461538461535,66,5500,PIT@CIN,CIN,PIT,,,,,,P
88083-118124,P,Kent,Kent Emanuel,Emanuel,8.3,10,5500,PIT@CIN,PIT,CIN,,,,,,P
88083-79227,P,Adrian,Adrian Morejon,Morejon,6.230769230769231,28,5500,COL@SD,SD,COL,O,Elbow,,,,P
88083-169337,P,Phoenix,Phoenix Sanders,Sanders,8.125,8,5500,BAL@BOS,BAL,BOS,,,,,,P
88083-71034,P,Seth,Seth Lugo,Lugo,5.454545454545454,66,5500,COL@SD,SD,COL,,,,,,P
88083-79232,P,Clay,Clay Holmes,Holmes,6.257575757575758,67,5500,SF@NYY,NYY,SF,,,,,,P
88083-79235,P,Nick,Nick Neidert,Neidert,18,1,5500,MIL@CHC,CHC,MIL,,,,,,P
88083-181651,P,Matt,Matt Krook,Krook,,,5500,SF@NYY,NYY,SF,,,,,,P
88083-79250,P,Junior,Junior Fernandez,Fernandez,5.1875,16,5500,TOR@STL,TOR,STL,,,,,,P
88083-62872,P,Vince,Vince Velasquez,Velasquez,12.25925925925926,27,5500,PIT@CIN,PIT,CIN,,,,,,P
88083-79266,P,Brett,Brett Martin,Martin,3.7636363636363637,55,5500,PHI@TEX,TEX,PHI,IL,Shoulder,,,,P
88083-79269,P,Connor,Connor Sadzeck,Sadzeck,3,2,5500,MIN@KC,MIN,KC,,,,,0,P
88083-101801,P,Joel,Joel Payamps,Payamps,6.526315789473684,41,5500,MIL@CHC,MIL,CHC,,,,,,P
88083-79275,P,Sean,Sean Reid-Foley,Reid-Foley,5.142857142857143,7,5500,NYM@MIA,NYM,MIA,O,Elbow,,,,P
88083-179625,P,Collin,Collin Wiles,Wiles,10.25,4,5500,MIL@CHC,MIL,CHC,O,Shoulder,,,,P
88083-101804,P,Huascar,Huascar Ynoa,Ynoa,7,2,5500,ATL@WSH,ATL,WSH,O,Elbow,,,,P
88083-118190,P,Ashton,Ashton Goudeau,Goudeau,5.583333333333333,12,5500,DET@TB,DET,TB,,,,,,P
88083-101809,P,Josh,Josh Taylor,Taylor,4.3283582089552235,67,5500,MIN@KC,KC,MIN,,,,,,P
88083-101808,P,Denyi,Denyi Reyes,Reyes,8.666666666666666,3,5500,NYM@MIA,NYM,MIA,,,,,,P
88083-101812,P,Justin,Justin Lawrence,Lawrence,5.5,38,5500,COL@SD,COL,SD,,,,,,P
88083-40382,P,Luis,Luis Garcia,Garcia,5.411764705882353,68,5500,COL@SD,SD,COL,,,,,,P
88083-101822,P,Josh,Josh Sborz,Sborz,6.368421052631579,19,5500,PHI@TEX,TEX,PHI,IL,Ankle,,,,P
88083-118209,P,Miguel,Miguel Yajure,Yajure,4.583333333333333,12,5500,SF@NYY,SF,NYY,,,,,,P
88083-118217,P,Manuel,Manuel Rodriguez,Rodriguez,4.428571428571429,14,5500,MIL@CHC,CHC,MIL,,,,,,P
88083-118223,P,Mauricio,Mauricio Llovera,Llovera,5,17,5500,SF@NYY,SF,NYY,,,,,,P
88083-118225,P,Cristopher,Cristopher Sanchez,Sanchez,11.066666666666666,15,5500,PHI@TEX,PHI,TEX,O,Triceps,,,,P
88083-118224,P,Garrett,Garrett Cleavinger,Cleavinger,8.736842105263158,19,5500,DET@TB,TB,DET,,,,,,P
88083-118226,P,Blake,Blake Cederlind,Cederlind,,,5500,PIT@CIN,PIT,CIN,,,,,,P
88083-101845,P,Genesis,Genesis Cabrera,Cabrera,4.868421052631579,39,5500,TOR@STL,STL,TOR,,,,,,P
88083-101846,P,Erik,Erik Swanson,Swanson,6.4035087719298245,58,5500,TOR@STL,TOR,STL,,,,,,P
88083-101851,P,Brock,Brock Burke,Burke,9.711538461538462,52,5500,PHI@TEX,TEX,PHI,,,,,,P
88083-101855,P,Trent,Trent Thornton,Thornton,5.8125,32,5500,TOR@STL,TOR,STL,,,,,,P
88083-161256,P,Cooper,Cooper Criswell,Criswell,19,1,5500,DET@TB,TB,DET,,,,,,P
88083-85489,P,Jimmy,Jimmy Cordero,Cordero,,,5500,SF@NYY,NYY,SF,,,,,,P
88083-95737,P,Ian,Ian Hamilton,Hamilton,2,1,5500,SF@NYY,NYY,SF,,,,,,P
88083-161275,P,Kyle,Kyle Tyler,Tyler,12,2,5500,SF@NYY,SF,NYY,,,,,,P
88083-161273,P,Scott,Scott Effross,Effross,5.233333333333333,60,5500,SF@NYY,NYY,SF,O,Elbow,,,,P
88083-52733,P,Scott,Scott Alexander,Alexander,4.470588235294118,17,5500,SF@NYY,SF,NYY,,,,,,P
88083-95757,P,Andrew,Andrew Vasquez,Vasquez,3.8,10,5500,PHI@TEX,PHI,TEX,,,,,,P
88083-138767,P,Jesus,Jesus Cruz,Cruz,3.7142857142857144,7,5500,PHI@TEX,PHI,TEX,,,,,,P
88083-95756,P,Rowan,Rowan Wick,Wick,5.285714285714286,64,5500,MIL@CHC,CHC,MIL,,,,,,P
88083-101904,P,Jordan,Jordan Romano,Romano,6.4603174603174605,64,5500,TOR@STL,TOR,STL,,,,,,P
88083-101911,P,Reed,Reed Garrett,Garrett,3.5714285714285716,7,5500,BAL@BOS,BAL,BOS,,,,,,P
88083-71190,P,Jose,Jose Leclerc,Leclerc,6.666666666666667,39,5500,PHI@TEX,TEX,PHI,,,,,,P
88083-181791,P,Connor,Connor Thomas,Thomas,,,5500,TOR@STL,STL,TOR,,,,,,P
88083-95774,P,Jeff,Jeff Brigham,Brigham,8.0625,16,5500,NYM@MIA,NYM,MIA,,,,,,P
88083-58913,P,Danny,Danny Coulombe,Coulombe,5.8,10,5500,BAL@BOS,BAL,BOS,,,,,,P
88083-5673,P,Jesse,Jesse Chavez,Chavez,6.238095238095238,63,5500,ATL@WSH,ATL,WSH,,,,,,P
88083-181801,P,Jose,Jose Ferrer,Ferrer,,,5500,ATL@WSH,WSH,ATL,,,,,,P
88083-79402,P,Cionel,Cionel Perez,Perez,5.430769230769231,66,5500,BAL@BOS,BAL,BOS,,,,,,P
88083-71218,P,Dylan,Dylan Floro,Floro,4.589285714285714,56,5500,NYM@MIA,MIA,NYM,,,,,,P
88083-140858,P,Domingo,Domingo Tapia,Tapia,3.5454545454545454,11,5500,COL@SD,SD,COL,,,,,,P
88083-181842,P,Eli,Eli Villalobos,Villalobos,,,5500,NYM@MIA,MIA,NYM,,,,,,P
88083-181843,P,Josh,Josh Simpson,Simpson,,,5500,NYM@MIA,MIA,NYM,,,,,,P
88083-73301,P,Brent,Brent Suter,Suter,5.754716981132075,54,5500,COL@SD,COL,SD,,,,,,P
88083-85600,P,Ryan,Ryan Burr,Burr,4.5,8,5500,DET@TB,TB,DET,,,,,,P
88083-5735,P,David,David Robertson,Robertson,7.0606060606060606,66,5500,NYM@MIA,NYM,MIA,,,,,,P
88083-118381,P,Kyle,Kyle Finnegan,Finnegan,5.661538461538462,66,5500,ATL@WSH,WSH,ATL,,,,,,P
88083-118394,P,Yohan,Yohan Ramirez,Ramirez,5.833333333333333,30,5500,PIT@CIN,PIT,CIN,,,,,,P
88083-5761,P,Tommy,Tommy Hunter,Hunter,6.388888888888889,18,5500,NYM@MIA,NYM,MIA,,,,,,P
88083-52871,P,Derek,Derek Law,Law,5.588235294117647,17,5500,PIT@CIN,CIN,PIT,,,,,,P
88083-110216,P,Stephen,Stephen Nogosek,Nogosek,9.75,12,5500,NYM@MIA,NYM,MIA,,,,,,P
88083-52877,P,Dominic,Dominic Leone,Leone,4.763636363636364,55,5500,PHI@TEX,TEX,PHI,,,,,,P
88083-73362,P,Rob,Rob Zastryzny,Zastryzny,2.4,6,5500,PIT@CIN,PIT,CIN,,,,,,P
88083-52887,P,Tyler,Tyler Matzek,Matzek,5.0476190476190474,42,5500,ATL@WSH,ATL,WSH,O,Elbow,,,,P
88083-63136,P,Matthew,Matthew Boyd,Boyd,7.818181818181818,11,5500,DET@TB,DET,TB,,,,,,P
88083-38563,P,Yimi,Yimi Garcia,Garcia,5.225806451612903,63,5500,TOR@STL,TOR,STL,,,,,,P
88083-163507,P,Alan,Alan Rangel,Rangel,,,5500,ATL@WSH,ATL,WSH,,,,,,P
88083-163511,P,Yunior,Yunior Marte,Marte,5,39,5500,PHI@TEX,PHI,TEX,,,,,,P
88083-161463,P,Drew,Drew Carlton,Carlton,8.2,5,5500,COL@SD,SD,COL,,,,,,P
88083-114360,P,Devin,Devin Williams,Williams,7.296875,65,5500,MIL@CHC,MIL,CHC,,,,,,P
88083-38596,P,Chris,Chris Martin,Martin,5.903225806451613,62,5500,BAL@BOS,BOS,BAL,,,,,,P
88083-81615,P,Tim,Tim Mayza,Mayza,4.421875,65,5500,TOR@STL,TOR,STL,,,,,,P
88083-179924,P,Gavin,Gavin Hollowell,Hollowell,4.5,6,5500,COL@SD,COL,SD,,,,,,P
88083-14047,P,Brad,Brad Boxberger,Boxberger,5.173913043478261,70,5500,MIL@CHC,CHC,MIL,,,,,,P
88083-110304,P,Locke,Locke St. John,St. John,9,1,5500,MIN@KC,MIN,KC,,,,,0,P
88083-81641,P,John,John Curtiss,Curtiss,5.2727272727272725,44,5500,NYM@MIA,NYM,MIA,,,,,,P
88083-181992,P,Jose,Jose Hernandez,Hernandez,,,5500,PIT@CIN,PIT,CIN,,,,,,P
88083-81642,P,A.J.,A.J. Minter,Minter,6.421052631578948,77,5500,ATL@WSH,ATL,WSH,,,,,,P
88083-182006,P,Nic,Nic Enright,Enright,,,5500,NYM@MIA,MIA,NYM,O,Illness,,,,P
88083-182005,P,Kevin,Kevin Kelly,Kelly,,,5500,DET@TB,TB,DET,,,,,,P
88083-52986,P,Drew,Drew VerHagen,VerHagen,4.944444444444445,19,5500,TOR@STL,STL,TOR,,,,,,P
88083-52998,P,Aaron,Aaron Brooks,Brooks,5,5,5500,COL@SD,SD,COL,,,,,,P
88083-53001,P,Roenis,Roenis Elias,Elias,4.571428571428571,7,5500,MIL@CHC,CHC,MIL,,,,,,P
88083-161545,P,Kaleb,Kaleb Ort,Ort,4.666666666666667,25,5500,BAL@BOS,BOS,BAL,,,,,,P
88083-169742,P,Tyler,Tyler Holton,Holton,3.6,10,5500,DET@TB,DET,TB,,,,,,P
88083-161563,P,Jovani,Jovani Moran,Moran,8.466666666666667,31,5500,MIN@KC,MIN,KC,,,,,0,P
88083-53021,P,Nick,Nick Wittgren,Wittgren,3,29,5500,MIN@KC,KC,MIN,,,,,,P
88083-182062,P,Gus,Gus Varland,Varland,,,5500,MIL@CHC,MIL,CHC,,,,,,P
88083-182060,P,Andrew,Andrew Politi,Politi,,,5500,BAL@BOS,BAL,BOS,,,,,,P
88083-182066,P,Jose,Jose Lopez,Lopez,,,5500,COL@SD,SD,COL,,,,,,P
88083-163641,P,Ray,Ray Kerr,Kerr,1.2857142857142858,7,5500,COL@SD,SD,COL,,,,,,P
88083-163648,P,William,William Woods,Woods,6,2,5500,NYM@MIA,NYM,MIA,,,,,,P
88083-163654,P,Alexis,Alexis Diaz,Diaz,7.637931034482759,59,5500,PIT@CIN,CIN,PIT,,,,,,P
88083-163655,P,Daniel,Daniel Duarte,Duarte,1.6666666666666667,3,5500,PIT@CIN,CIN,PIT,,,,,,P
88083-116548,P,Tyler,Tyler Rogers,Rogers,4.507462686567164,68,5500,SF@NYY,SF,NYY,,,,,,P
88083-163663,P,Calvin,Calvin Faucher,Faucher,4.761904761904762,22,5500,DET@TB,TB,DET,,,,,,P
88083-163660,P,Steven,Steven Wilson,Wilson,5.648148148148148,54,5500,COL@SD,SD,COL,,,,,,P
88083-163675,P,Noah,Noah Davis,Davis,3,1,5500,COL@SD,COL,SD,,,,,,P
88083-163682,P,Ethan,Ethan Roberts,Roberts,3.2222222222222223,9,5500,MIL@CHC,CHC,MIL,IL,Elbow,,,,P
88083-163687,P,Ron,Ron Marinaccio,Marinaccio,6.9,40,5500,SF@NYY,NYY,SF,,,,,,P
88083-163684,P,Ronny,Ronny Henriquez,Henriquez,17.666666666666668,3,5500,MIN@KC,MIN,KC,O,Elbow,,,0,P
88083-163688,P,Collin,Collin Snider,Snider,2.8780487804878048,42,5500,MIN@KC,KC,MIN,,,,,,P
88083-163698,P,Bowden,Bowden Francis,Francis,5,1,5500,TOR@STL,TOR,STL,,,,,,P
88083-163702,P,Logan,Logan Gillaspie,Gillaspie,4.117647058823529,17,5500,BAL@BOS,BAL,BOS,,,,,,P
88083-163701,P,Felix,Felix Bautista,Bautista,6.828125,65,5500,BAL@BOS,BAL,BOS,,,,,,P
88083-163707,P,Freddy,Freddy Pacheco,Pacheco,,,5500,DET@TB,DET,TB,IL,Elbow,,,,P
88083-108421,P,Phillips,Phillips Valdez,Valdez,4.923076923076923,13,5500,COL@SD,COL,SD,,,,,,P
88083-102298,P,Erich,Erich Uelmen,Uelmen,4.75,25,5500,PHI@TEX,PHI,TEX,,,,,,P
88083-102300,P,Michael,Michael Rucker,Rucker,6.5,41,5500,MIL@CHC,CHC,MIL,,,,,,P
88083-8101,P,Ian,Ian Kennedy,Kennedy,3.9454545454545453,57,5500,PHI@TEX,TEX,PHI,,,,,,P
88083-108461,P,Pete,Pete Fairbanks,Fairbanks,7.375,25,5500,DET@TB,TB,DET,,,,,,P
88083-102318,P,Ryan,Ryan Rolison,Rolison,,,5500,COL@SD,COL,SD,IL,Shoulder,,,,P
88083-163782,P,Robert,Robert Suarez,Suarez,7.3,52,5500,COL@SD,SD,COL,O,Arm,,,,P
88083-102355,P,Jorge,Jorge Alcala,Alcala,6.5,2,5500,MIN@KC,MIN,KC,,,,,0,P
88083-12257,P,Adam,Adam Ottavino,Ottavino,6.470588235294118,69,5500,NYM@MIA,NYM,MIA,,,,,,P
88083-169957,P,Danny,Danny Young,Young,9.333333333333334,3,5500,ATL@WSH,ATL,WSH,,,,,,P
88083-102395,P,Ryan,Ryan Weathers,Weathers,8,1,5500,COL@SD,SD,COL,,,,,,P
88083-102397,P,Wyatt,Wyatt Mills,Mills,4.653846153846154,27,5500,BAL@BOS,BOS,BAL,O,Elbow,,,,P
88083-60643,OF,Aaron,Aaron Judge,Judge,15.515663238893072,166,4400,SF@NYY,NYY,SF,,,,,,OF/UTIL
88083-65881,SS,Trea,Trea Turner,Turner,11.945121951219512,164,4000,PHI@TEX,PHI,TEX,,,,,,SS/UTIL
88083-79273,1B,Vladimir,Vladimir Guerrero Jr.,Guerrero Jr.,11.099999698591821,162,4000,TOR@STL,TOR,STL,,,,,,C/1B/UTIL
88083-79282,OF,Juan,Juan Soto,Soto,10.93030303030303,165,4000,COL@SD,SD,COL,,,,,,OF/UTIL
88083-13929,3B,Manny,Manny Machado,Machado,12.205555856963734,162,4000,COL@SD,SD,COL,,,,,,3B/UTIL
88083-12968,1B,Paul,Paul Goldschmidt,Goldschmidt,13.141829746221406,153,3900,TOR@STL,STL,TOR,,,,,,C/1B/UTIL
88083-68585,3B,Rafael,Rafael Devers,Devers,11.55886559452571,141,3900,BAL@BOS,BOS,BAL,,,,,,3B/UTIL
88083-79756,OF,Ronald,Ronald Acuna Jr.,Acuna Jr.,11.158064319241431,124,3900,ATL@WSH,ATL,WSH,,,,,,OF/UTIL
88083-16952,SS,Francisco,Francisco Lindor,Lindor,11.445121951219512,164,3800,NYM@MIA,NYM,MIA,,,,,,SS/UTIL
88083-82614,1B,Pete,Pete Alonso,Alonso,12.2110430945648,163,3800,NYM@MIA,NYM,MIA,,,,,,C/1B/UTIL
88083-82654,SS,Bo,Bo Bichette,Bichette,10.949689592633929,161,3800,TOR@STL,TOR,STL,,,,,,SS/UTIL
88083-21705,2B,Marcus,Marcus Semien,Semien,11.060248143924689,161,3800,PHI@TEX,TEX,PHI,,,,,,2B/UTIL
88083-85261,OF,Randy,Randy Arozarena,Arozarena,10.928387254284274,155,3800,DET@TB,TB,DET,,,,,,OF/UTIL
88083-13719,3B,Nolan,Nolan Arenado,Arenado,11.322000325520833,150,3800,TOR@STL,STL,TOR,,,,,,3B/UTIL
88083-136672,OF,Michael,Michael Harris II,Harris II,11.13135593220339,118,3800,ATL@WSH,ATL,WSH,,,,,,OF/UTIL
88083-119349,SS/3B,Bobby,Bobby Witt Jr.,Witt Jr.,10.525827976252069,151,3700,MIN@KC,KC,MIN,,,,,,3B/SS/UTIL
88083-82536,OF,Cedric,Cedric Mullins,Mullins,10.35769262069311,156,3700,BAL@BOS,BAL,BOS,,,,,,OF/UTIL
88083-52175,1B,Matt,Matt Olson,Olson,11.024096385542169,166,3700,ATL@WSH,ATL,WSH,,,,,,C/1B/UTIL
88083-60631,OF,Kyle,Kyle Schwarber,Schwarber,12.137209870094477,172,3700,PHI@TEX,PHI,TEX,,,,,,OF/UTIL
88083-85520,OF,Adolis,Adolis Garcia,Garcia,11.2249998434996,156,3700,PHI@TEX,TEX,PHI,,,,,,OF/UTIL
88083-16983,OF,George,George Springer,Springer,11.502222583912037,135,3600,TOR@STL,TOR,STL,,,,,,OF/UTIL
88083-12940,1B,Anthony,Anthony Rizzo,Rizzo,11.292805404114208,139,3600,SF@NYY,NYY,SF,,,,,,C/1B/UTIL
88083-12948,OF,Bryce,Bryce Harper,Harper,12.620689655172415,116,3600,PHI@TEX,PHI,TEX,O,Elbow,,,,OF/UTIL
88083-13423,OF,Starling,Starling Marte,Marte,11.20245861616291,122,3600,NYM@MIA,NYM,MIA,,,,,,OF/UTIL
88083-79074,3B,Austin,Austin Riley,Riley,11.239263803680982,163,3600,ATL@WSH,ATL,WSH,,,,,,3B/UTIL
88083-79393,OF/SS,Fernando,Fernando Tatis Jr.,Tatis Jr.,14.41769268329327,130,3600,COL@SD,SD,COL,NA,Suspension,,,,SS/OF/UTIL
88083-39086,OF,Byron,Byron Buxton,Buxton,11.502150012600806,93,3500,MIN@KC,MIN,KC,,,,,3,OF/UTIL
88083-82533,OF,Daulton,Daulton Varsho,Varsho,9.747020190914736,151,3500,TOR@STL,TOR,STL,,,,,,OF/UTIL
88083-17139,C,J.T.,J.T. Realmuto,Realmuto,10.84102532802484,156,3500,PHI@TEX,PHI,TEX,,,,,,C/1B/UTIL
88083-68587,2B,Ozzie,Ozzie Albies,Albies,9.573437690734863,64,3500,ATL@WSH,ATL,WSH,,,,,,2B/UTIL
88083-79230,OF,Bryan,Bryan Reynolds,Reynolds,10.04000033674569,145,3500,PIT@CIN,PIT,CIN,,,,,,OF/UTIL
88083-38412,SS,Corey,Corey Seager,Seager,10.627151994515728,151,3500,PHI@TEX,TEX,PHI,,,,,,SS/UTIL
88083-79884,OF,Anthony,Anthony Santander,Santander,10.184868260433799,152,3400,BAL@BOS,BAL,BOS,,,,,,OF/UTIL
88083-82527,OF,Jazz,Jazz Chisholm Jr.,Chisholm Jr.,12.80499979654948,60,3400,NYM@MIA,MIA,NYM,DTD,Arm,,,,OF/UTIL
88083-68547,OF,Tyler,Tyler O'Neill,O'Neill,10.262500127156576,96,3400,TOR@STL,STL,TOR,,,,,,OF/UTIL
88083-37982,SS,Xander,Xander Bogaerts,Bogaerts,10.235333658854167,150,3400,COL@SD,SD,COL,,,,,,SS/UTIL
88083-21609,OF,Christian,Christian Yelich,Yelich,10.190260057325487,154,3400,MIL@CHC,MIL,CHC,,,,,,OF/UTIL
88083-165571,1B,Vinnie,Vinnie Pasquantino,Pasquantino,8.875,72,3400,MIN@KC,KC,MIN,,,,,,C/1B/UTIL
88083-12302,OF,Giancarlo,Giancarlo Stanton,Stanton,10.30840295102416,119,3300,SF@NYY,NYY,SF,,,,,,OF/UTIL
88083-119306,3B/SS,Gunnar,Gunnar Henderson,Henderson,9.070588055778952,34,3300,BAL@BOS,BAL,BOS,,,,,,3B/SS/UTIL
88083-52147,OF,Kris,Kris Bryant,Bryant,9.851162932639898,43,3300,COL@SD,COL,SD,,,,,,OF/UTIL
88083-68586,SS,Dansby,Dansby Swanson,Swanson,10.821686894060617,166,3300,MIL@CHC,CHC,MIL,,,,,,SS/UTIL
88083-68588,2B,Gleyber,Gleyber Torres,Torres,9.767785398752098,149,3300,SF@NYY,NYY,SF,,,,,,2B/UTIL
88083-60655,SS,Willy,Willy Adames,Adames,11.371222845941997,139,3300,MIL@CHC,MIL,CHC,,,,,,SS/UTIL
88083-85285,1B,Nathaniel,Nathaniel Lowe,Lowe,9.852229610370223,157,3300,PHI@TEX,TEX,PHI,,,,,,C/1B/UTIL
88083-119307,C,Adley,Adley Rutschman,Rutschman,10.026548672566372,113,3200,BAL@BOS,BAL,BOS,,,,,,C/1B/UTIL
88083-13342,OF,Nick,Nick Castellanos,Castellanos,8.157792524857955,154,3200,PHI@TEX,PHI,TEX,,,,,,OF/UTIL
88083-85268,1B,Joey,Joey Meneses,Meneses,11.67142813546317,56,3200,ATL@WSH,WSH,ATL,,,,,,C/1B/UTIL
88083-102308,2B,Jonathan,Jonathan India,India,8.539422842172476,104,3200,PIT@CIN,CIN,PIT,,,,,,2B/UTIL
88083-38965,1B,C.J.,C.J. Cron,Cron,10.465333658854167,150,3100,COL@SD,COL,SD,,,,,,C/1B/UTIL
88083-102621,SS,Wander,Wander Franco,Franco,9.054023128816452,87,3100,DET@TB,TB,DET,DTD,Quadriceps,,,,SS/UTIL
88083-17097,OF,Brandon,Brandon Nimmo,Nimmo,10.407096616683468,155,3100,NYM@MIA,NYM,MIA,,,,,,OF/UTIL
88083-68544,3B,Matt,Matt Chapman,Chapman,9.52292978080215,157,3100,TOR@STL,TOR,STL,,,,,,3B/UTIL
88083-13266,C,Salvador,Salvador Perez,Perez,9.785964698122259,114,3100,MIN@KC,KC,MIN,,,,,,C/1B/UTIL
88083-167012,OF,Seiya,Seiya Suzuki,Suzuki,9.385586025478604,111,3100,MIL@CHC,CHC,MIL,O,Oblique,,,,OF/UTIL
88083-79215,1B,Rhys,Rhys Hoskins,Hoskins,10.234104046242775,173,3100,PHI@TEX,PHI,TEX,IL,Knee,,,,C/1B/UTIL
88083-21874,2B,Jorge,Jorge Polanco,Polanco,10.00769277719351,104,3100,MIN@KC,MIN,KC,O,Knee,,,0,2B/UTIL
88083-102389,SS,Oneil,Oneil Cruz,Cruz,10.655172413793103,87,3100,PIT@CIN,PIT,CIN,,,,,,SS/UTIL
88083-119343,OF,Riley,Riley Greene,Greene,8.873118410828294,93,3000,DET@TB,DET,TB,,,,,,OF/UTIL
88083-119444,C,Alejandro,Alejandro Kirk,Kirk,8.629077667885639,141,3000,TOR@STL,TOR,STL,,,,,,C/1B/UTIL
88083-79092,OF,Ian,Ian Happ,Happ,9.394936863380142,158,3000,MIL@CHC,CHC,MIL,,,,,,OF/UTIL
88083-79160,OF,Alex,Alex Verdugo,Verdugo,8.947368421052632,152,3000,BAL@BOS,BOS,BAL,,,,,,OF/UTIL
88083-21887,C,Willson,Willson Contreras,Contreras,10.738938053097344,113,3000,TOR@STL,STL,TOR,,,,,,C/1B/UTIL
88083-118210,1B/2B,Jake,Jake Cronenworth,Cronenworth,9.669412051930147,170,3000,COL@SD,SD,COL,,,,,,C/1B/2B/UTIL
88083-85504,2B,Brandon,Brandon Lowe,Lowe,8.503077110877404,65,3000,DET@TB,TB,DET,,,,,,2B/UTIL
88083-38614,SS,Carlos,Carlos Correa,Correa,10.088235294117647,136,3000,MIN@KC,MIN,KC,,,,,2,SS/UTIL
88083-108450,SS,Tommy,Tommy Edman,Edman,9.983870967741936,155,3000,TOR@STL,STL,TOR,,,,,,SS/UTIL
88083-82624,C,Sean,Sean Murphy,Murphy,9.090540705500421,148,2900,ATL@WSH,ATL,WSH,,,,,,C/1B/UTIL
88083-154711,OF,Lars,Lars Nootbaar,Nootbaar,8.13272705078125,110,2900,TOR@STL,STL,TOR,,,,,,OF/UTIL
88083-79082,1B,Ryan,Ryan Mountcastle,Mountcastle,9.420000168372844,145,2900,BAL@BOS,BAL,BOS,,,,,,C/1B/UTIL
88083-85307,2B,Jeff,Jeff McNeil,McNeil,9.091391051841887,151,2900,NYM@MIA,NYM,MIA,,,,,,2B/UTIL
88083-79249,OF,Harrison,Harrison Bader,Bader,8.781052760074013,95,2900,SF@NYY,NYY,SF,O,Oblique,,,,OF/UTIL
88083-73159,OF,Mitch,Mitch Haniger,Haniger,9.76774154170867,62,2900,SF@NYY,SF,NYY,O,Oblique,,,,OF/UTIL
88083-181987,OF,Masataka,Masataka Yoshida,Yoshida,,,2900,BAL@BOS,BOS,BAL,,,,,,OF/UTIL
88083-81953,OF,Austin,Austin Hays,Hays,8.470344490840517,145,2800,BAL@BOS,BAL,BOS,,,,,,OF/UTIL
88083-102518,3B,Jose,Jose Miranda,Miranda,8.496,125,2800,MIN@KC,MIN,KC,,,,,5,3B/UTIL
88083-164502,2B/SS,Vaughn,Vaughn Grissom,Grissom,9.251162506813227,43,2800,ATL@WSH,ATL,WSH,,,,,,2B/SS/UTIL
88083-82586,C/OF,MJ,MJ Melendez,Melendez,8.95658933654312,129,2800,MIN@KC,KC,MIN,,,,,,C/1B/OF/UTIL
88083-70562,2B/OF,Whit,Whit Merrifield,Merrifield,8.581560283687944,141,2800,TOR@STL,TOR,STL,,,,,,2B/OF/UTIL
88083-79159,OF,Cody,Cody Bellinger,Bellinger,8.551020408163266,147,2800,MIL@CHC,CHC,MIL,,,,,,OF/UTIL
88083-79216,3B,Ke'Bryan,Ke'Bryan Hayes,Hayes,8.238970588235293,136,2800,PIT@CIN,PIT,CIN,,,,,,3B/UTIL
88083-21885,SS/2B,Javier,Javier Baez,Baez,8.515753759096746,146,2800,DET@TB,DET,TB,,,,,,2B/SS/UTIL
88083-71507,1B,Yuli,Yuli Gurriel,Gurriel,7.676582433000395,158,2800,NYM@MIA,MIA,NYM,,,,,,C/1B/UTIL
88083-102284,C,William,William Contreras,Contreras,9.652475489248143,101,2800,MIL@CHC,MIL,CHC,,,,,,C/1B/UTIL
88083-38872,OF,Jesse,Jesse Winker,Winker,7.968381993910846,136,2800,MIL@CHC,MIL,CHC,,,,,,OF/UTIL
88083-102370,3B,Alec,Alec Bohm,Bohm,8.57396449704142,169,2800,PHI@TEX,PHI,TEX,,,,,,3B/UTIL
88083-82613,2B/SS,Thairo,Thairo Estrada,Estrada,9.258571079799108,140,2700,SF@NYY,SF,NYY,,,,,,2B/SS/UTIL
88083-13099,C,Travis,Travis d'Arnaud,d'Arnaud,10.045535496303014,112,2700,ATL@WSH,ATL,WSH,,,,,,C/1B/UTIL
88083-13152,1B/3B/OF,Matt,Matt Carpenter,Carpenter,10.813207086527123,53,2700,COL@SD,SD,COL,,,,,,C/1B/3B/OF/UTIL
88083-68514,2B/3B,Ryan,Ryan McMahon,McMahon,8.777124342575572,153,2700,COL@SD,COL,SD,,,,,,2B/3B/UTIL
88083-13229,OF,Charlie,Charlie Blackmon,Blackmon,9.444444444444445,135,2700,COL@SD,COL,SD,,,,,,OF/UTIL
88083-52180,OF,Austin,Austin Meadows,Meadows,6.7648649473448055,37,2700,DET@TB,DET,TB,,,,,,OF/UTIL
88083-60642,OF,Michael,Michael Conforto,Conforto,8.310483870967742,124,2700,SF@NYY,SF,NYY,,,,,,OF/UTIL
88083-79110,C,Tyler,Tyler Stephenson,Stephenson,9.805999755859375,50,2700,PIT@CIN,CIN,PIT,,,,,,C/1B/UTIL
88083-79277,1B,Rowdy,Rowdy Tellez,Tellez,9.613725649765115,153,2700,MIL@CHC,MIL,CHC,,,,,,C/1B/UTIL
88083-101827,2B/1B,Luis,Luis Arraez,Arraez,9.209027608235678,144,2700,NYM@MIA,MIA,NYM,,,,,,C/1B/2B/UTIL
88083-101844,OF,Lane,Lane Thomas,Thomas,7.989041263110017,146,2700,ATL@WSH,WSH,ATL,,,,,,OF/UTIL
88083-13792,SS/OF,Kike,Kike Hernandez,Hernandez,8.474193285870296,93,2700,BAL@BOS,BOS,BAL,,,,,,SS/OF/UTIL
88083-13909,OF,Randal,Randal Grichuk,Grichuk,8.496478873239436,142,2700,COL@SD,COL,SD,O,Groin,,,,OF/UTIL
88083-12113,3B,Josh,Josh Donaldson,Donaldson,8.390070921985815,141,2700,SF@NYY,NYY,SF,,,,,,3B/UTIL
88083-102301,2B,Nico,Nico Hoerner,Hoerner,8.87037037037037,135,2700,MIL@CHC,CHC,MIL,,,,,,2B/UTIL
88083-102303,1B,Triston,Triston Casas,Casas,8.637036924008969,27,2700,BAL@BOS,BOS,BAL,,,,,,C/1B/UTIL
88083-135239,2B/SS,Rodolfo,Rodolfo Castro,Castro,8.45774647887324,71,2600,PIT@CIN,PIT,CIN,,,,,,2B/SS/UTIL
88083-6312,1B/3B,Justin,Justin Turner,Turner,9.808332963423295,132,2600,BAL@BOS,BOS,BAL,,,,,,C/1B/3B/UTIL
88083-102591,OF,Jake,Jake Fraley,Fraley,9.08235258214614,68,2600,PIT@CIN,CIN,PIT,,,,,,OF/UTIL
88083-119318,OF/3B,Christopher,Christopher Morel,Morel,8.986725663716815,113,2600,MIL@CHC,CHC,MIL,,,,,,3B/OF/UTIL
88083-119405,2B,Bryson,Bryson Stott,Stott,7.483915742460664,143,2600,PHI@TEX,PHI,TEX,,,,,,2B/UTIL
88083-12931,OF,Wil,Wil Myers,Myers,7.517241379310345,87,2600,PIT@CIN,CIN,PIT,,,,,,OF/UTIL
88083-119437,3B,Josh,Josh Jung,Jung,8.646153963529146,26,2600,PHI@TEX,TEX,PHI,,,,,,3B/UTIL
88083-82596,C,Jake,Jake Rogers,Rogers,8.44473668148643,38,2600,DET@TB,DET,TB,,,,,,C/1B/UTIL
88083-82655,C,Danny,Danny Jansen,Jansen,9.524324159364443,74,2600,TOR@STL,TOR,STL,,,,,,C/1B/UTIL
88083-146160,2B,Ha-Seong,Ha-Seong Kim,Kim,8.180246612172068,162,2600,COL@SD,SD,COL,,,,,,2B/UTIL
88083-54401,OF,Manuel,Manuel Margot,Margot,8.612088046231113,91,2600,DET@TB,TB,DET,,,,,,OF/UTIL
88083-13487,OF,Tommy,Tommy Pham,Pham,9.467361450195312,144,2600,NYM@MIA,NYM,MIA,,,,,,OF/UTIL
88083-13567,2B/1B/3B,DJ,DJ LeMahieu,LeMahieu,9.302400390625,125,2600,SF@NYY,NYY,SF,,,,,,C/1B/2B/3B/UTIL
88083-79120,1B/3B,Yandy,Yandy Diaz,Diaz,9.328776627135792,139,2600,DET@TB,TB,DET,,,,,,C/1B/3B/UTIL
88083-79154,OF,Brandon,Brandon Marsh,Marsh,7.2269736842105265,152,2600,PHI@TEX,PHI,TEX,,,,,,OF/UTIL
88083-79164,OF,Stone,Stone Garrett,Garrett,8.503703929759839,27,2600,ATL@WSH,WSH,ATL,,,,,,OF/UTIL
88083-79175,OF,Trent,Trent Grisham,Grisham,7.190243604706555,164,2600,COL@SD,SD,COL,,,,,,OF/UTIL
88083-79225,3B/SS/2B,Luis,Luis Urias,Urias,8.557142754562763,119,2600,MIL@CHC,MIL,CHC,,,,,,2B/3B/SS/UTIL
88083-13864,OF,Joc,Joc Pederson,Pederson,8.853731525478079,134,2600,SF@NYY,SF,NYY,,,,,,OF/UTIL
88083-79400,OF,Dylan,Dylan Carlson,Carlson,7.7953848031850965,130,2600,TOR@STL,STL,TOR,,,,,,OF/UTIL
88083-163674,SS,Ezequiel,Ezequiel Tovar,Tovar,5.822222391764323,9,2600,COL@SD,COL,SD,,,,,,SS/UTIL
88083-157797,OF,Bryan,Bryan De La Cruz,De La Cruz,6.826956309442934,115,2500,NYM@MIA,MIA,NYM,,,,,,OF/UTIL
88083-53401,1B,Trey,Trey Mancini,Mancini,8.014569213058774,151,2500,MIL@CHC,CHC,MIL,,,,,,C/1B/UTIL
88083-172216,3B,David,David Villar,Villar,8.38846177321214,52,2500,SF@NYY,SF,NYY,,,,,,3B/UTIL
88083-176691,OF,Kerry,Kerry Carpenter,Carpenter,8.490322974420362,31,2500,DET@TB,DET,TB,,,,,,OF/UTIL
88083-23107,OF,Jorge,Jorge Soler,Soler,8.991667005750868,72,2500,NYM@MIA,MIA,NYM,,,,,,OF/UTIL
88083-119410,SS,CJ,CJ Abrams,Abrams,5.989999728732639,90,2500,ATL@WSH,WSH,ATL,,,,,,SS/UTIL
88083-82553,OF,Jose,Jose Siri,Siri,6.834579325167932,107,2500,DET@TB,TB,DET,,,,,,OF/UTIL
88083-82593,C,Keibert,Keibert Ruiz,Ruiz,777.157142639160156,112,2500,ATL@WSH,WSH,ATL,,,,,,C/1B/UTIL
88083-17086,OF,Marcell,Marcell Ozuna,Ozuna,8.411023237573819,127,2500,ATL@WSH,ATL,WSH,,,,,,OF/UTIL
88083-162509,1B/OF,Juan,Juan Yepez,Yepez,7.7769227639222755,78,2500,TOR@STL,STL,TOR,,,,,,C/1B/OF/UTIL
88083-101276,2B/3B,Jon,Jon Berti,Berti,9.729412004059435,102,2500,NYM@MIA,MIA,NYM,,,,,,2B/3B/UTIL
88083-13239,3B,Eduardo,Eduardo Escobar,Escobar,8.82857142857143,140,2500,NYM@MIA,NYM,MIA,,,,,,3B/UTIL
88083-52164,SS,Adalberto,Adalberto Mondesi,Mondesi,5.53999989827474,15,2500,BAL@BOS,BOS,BAL,O,Knee,,,,SS/UTIL
88083-13262,SS/OF,Jurickson,Jurickson Profar,Profar,9.1713413145484,164,2500,COL@SD,COL,SD,,,,,,SS/OF/UTIL
88083-68582,2B,Brendan,Brendan Rodgers,Rodgers,9.006521916043932,138,2500,COL@SD,COL,SD,IL,Shoulder,,,,2B/UTIL
88083-68593,SS,Jorge,Jorge Mateo,Mateo,8.26933349609375,150,2500,BAL@BOS,BAL,BOS,,,,,,SS/UTIL
88083-21666,OF,Mark,Mark Canha,Canha,8.768531639259178,143,2500,NYM@MIA,NYM,MIA,,,,,,OF/UTIL
88083-146697,OF,Garrett,Garrett Mitchell,Mitchell,7.510714394705636,28,2500,MIL@CHC,MIL,CHC,,,,,,OF/UTIL
88083-85260,3B,Patrick,Patrick Wisdom,Wisdom,9.547761376224347,134,2500,MIL@CHC,CHC,MIL,,,,,,3B/UTIL
88083-5456,OF,Andrew,Andrew McCutchen,McCutchen,9.535074262476678,134,2500,PIT@CIN,PIT,CIN,,,,,,OF/UTIL
88083-21875,OF,Max,Max Kepler,Kepler,7.898260763417119,115,2500,MIN@KC,MIN,KC,,,,,1,OF/UTIL
88083-79263,OF,Leody,Leody Taveras,Taveras,7.311110987807766,99,2500,PHI@TEX,TEX,PHI,IL,Oblique,,,,OF/UTIL
88083-5763,OF,Nelson,Nelson Cruz,Cruz,8.16,125,2500,COL@SD,SD,COL,,,,,,OF/UTIL
88083-81622,C,Mitch,Mitch Garver,Garver,8.640740853768808,54,2500,PHI@TEX,TEX,PHI,,,,,,C/1B/UTIL
88083-53033,OF,Mike,Mike Yastrzemski,Yastrzemski,8.318243078283361,148,2500,SF@NYY,SF,NYY,,,,,,OF/UTIL
88083-163686,SS/3B/OF,Oswaldo,Oswaldo Cabrera,Cabrera,8.251923194298378,52,2500,SF@NYY,NYY,SF,,,,,,3B/SS/OF/UTIL
88083-163706,2B,Brendan,Brendan Donovan,Donovan,8.102343559265137,128,2500,TOR@STL,STL,TOR,,,,,,2B/UTIL
88083-102296,OF,TJ,TJ Friedl,Friedl,8.473610772026909,72,2500,PIT@CIN,CIN,PIT,,,,,,OF/UTIL
88083-102415,2B,Nolan,Nolan Gorman,Gorman,8.03111097547743,90,2400,TOR@STL,STL,TOR,,,,,,2B/UTIL
88083-12310,1B,Carlos,Carlos Santana,Santana,8.221738953521287,138,2400,PIT@CIN,PIT,CIN,,,,,,C/1B/UTIL
88083-38973,OF,Tyrone,Tyrone Taylor,Taylor,7.794166564941406,120,2400,MIL@CHC,MIL,CHC,IL,Elbow,,,,OF/UTIL
88083-135364,OF/3B,Jordan,Jordan Walker,Walker,,,2400,TOR@STL,STL,TOR,,,,,,3B/OF/UTIL
88083-145611,SS,Oswald,Oswald Peraza,Peraza,6.266666957310268,21,2400,SF@NYY,NYY,SF,,,,,,SS/UTIL
88083-119396,SS,Anthony,Anthony Volpe,Volpe,,,2400,SF@NYY,NYY,SF,,,,,,SS/UTIL
88083-82574,3B,Isaac,Isaac Paredes,Paredes,7.930088279521571,113,2400,DET@TB,TB,DET,,,,,,3B/UTIL
88083-82611,OF,Akil,Akil Baddoo,Baddoo,5.691780821917808,73,2400,DET@TB,DET,TB,,,,,,OF/UTIL
88083-82652,OF,Bubba,Bubba Thompson,Thompson,6.965454656427557,55,2400,PHI@TEX,TEX,PHI,,,,,,OF/UTIL
88083-82660,2B/SS,Luis,Luis Garcia,Garcia,8.013978363365256,93,2400,ATL@WSH,WSH,ATL,,,,,,2B/SS/UTIL
88083-53993,OF,Harold,Harold Ramirez,Ramirez,7.739344362352715,122,2400,DET@TB,TB,DET,,,,,,OF/UTIL
88083-52162,3B/1B,Hunter,Hunter Dozier,Dozier,7.586821800054506,129,2400,MIN@KC,KC,MIN,,,,,,C/1B/3B/UTIL
88083-179272,3B,Spencer,Spencer Steer,Steer,7.085714067731585,28,2400,PIT@CIN,CIN,PIT,,,,,,3B/UTIL
88083-60641,SS/OF,Nick,Nick Gordon,Gordon,6.963768115942029,138,2400,MIN@KC,MIN,KC,,,,,6,SS/OF/UTIL
88083-38117,OF,Adam,Adam Duvall,Duvall,7.834883578988009,86,2400,BAL@BOS,BOS,BAL,,,,,,OF/UTIL
88083-83182,C/OF,Eric,Eric Haase,Haase,7.174545565518466,110,2400,DET@TB,DET,TB,,,,,,C/1B/OF/UTIL
88083-70898,2B/OF,Adam,Adam Frazier,Frazier,6.827950613839286,161,2400,BAL@BOS,BAL,BOS,,,,,,2B/OF/UTIL
88083-13638,1B/3B/2B,Wilmer,Wilmer Flores,Flores,8.674834598768626,151,2400,SF@NYY,SF,NYY,,,,,,C/1B/2B/3B/UTIL
88083-118120,C,Jonah,Jonah Heim,Heim,7.521259938638042,127,2400,PHI@TEX,TEX,PHI,,,,,,C/1B/UTIL
88083-5488,1B,Joey,Joey Votto,Votto,8.37032980447287,91,2400,PIT@CIN,CIN,PIT,O,Shoulder,,,,C/1B/UTIL
88083-38321,OF,Joey,Joey Gallo,Gallo,6.992913193590059,127,2400,MIN@KC,MIN,KC,,,,,7,OF/UTIL
88083-101841,OF,Edward,Edward Olivares,Olivares,7.081131845150354,53,2400,MIN@KC,KC,MIN,,,,,,OF/UTIL
88083-13858,C,Christian,Christian Vazquez,Vazquez,7.2232001953125,125,2400,MIN@KC,MIN,KC,,,,,8,C/1B/UTIL
88083-102485,OF,Kyle,Kyle Isbel,Isbel,5.400000230321345,106,2300,MIN@KC,KC,MIN,,,,,,OF/UTIL
88083-119305,OF,Kyle,Kyle Stowers,Stowers,6.138235204360065,34,2300,BAL@BOS,BAL,BOS,,,,,,OF/UTIL
88083-119311,OF,Jarren,Jarren Duran,Duran,7.777586312129579,58,2300,BAL@BOS,BOS,BAL,,,,,,OF/UTIL
88083-119404,3B,Nick,Nick Maton,Maton,6.808333502875434,36,2300,DET@TB,DET,TB,,,,,,3B/UTIL
88083-12961,SS,Brandon,Brandon Crawford,Crawford,7.703389830508475,118,2300,SF@NYY,SF,NYY,,,,,,SS/UTIL
88083-12985,OF,Avisail,Avisail Garcia,Garcia,6.542424365727588,99,2300,NYM@MIA,MIA,NYM,,,,,,OF/UTIL
88083-82644,OF,Jesus,Jesus Sanchez,Sanchez,7.332652812101403,98,2300,NYM@MIA,MIA,NYM,,,,,,OF/UTIL
88083-13188,3B,Jean,Jean Segura,Segura,8.163478154721467,115,2300,NYM@MIA,MIA,NYM,,,,,,3B/UTIL
88083-68525,3B,J.D.,J.D. Davis,Davis,7.006034587991649,116,2300,SF@NYY,SF,NYY,,,,,,3B/UTIL
88083-80838,1B,Luke,Luke Voit,Voit,8.981481481481481,135,2300,MIL@CHC,MIL,CHC,,,,,,C/1B/UTIL
88083-52170,1B,Dominic,Dominic Smith,Smith,4.571186647576801,59,2300,ATL@WSH,WSH,ATL,,,,,,C/1B/UTIL
88083-52187,1B,Ji Man,Ji Man Choi,Choi,7.801739236582881,115,2300,PIT@CIN,PIT,CIN,,,,,,C/1B/UTIL
88083-54307,C,Elias,Elias Diaz,Diaz,7.0409522646949405,105,2300,COL@SD,COL,SD,,,,,,C/1B/UTIL
88083-11322,2B/3B,Mike,Mike Moustakas,Moustakas,6.917721518987341,79,2300,COL@SD,COL,SD,,,,,,2B/3B/UTIL
88083-81046,1B,Garrett,Garrett Cooper,Cooper,8.062185079109769,119,2300,NYM@MIA,MIA,NYM,,,,,,C/1B/UTIL
88083-38040,OF,Eddie,Eddie Rosario,Rosario,5.778571355910528,84,2300,ATL@WSH,ATL,WSH,,,,,,OF/UTIL
88083-83173,C,Jose,Jose Trevino,Trevino,6.022950719614498,122,2300,SF@NYY,NYY,SF,,,,,,C/1B/UTIL
88083-109803,C,Austin,Austin Nola,Nola,6.648360455622439,122,2300,COL@SD,SD,COL,,,,,,C/1B/UTIL
88083-60652,OF/3B/2B,Christian,Christian Arroyo,Arroyo,7.521839361081178,87,2300,BAL@BOS,BOS,BAL,,,,,,2B/3B/OF/UTIL
88083-79108,OF,Nick,Nick Senzel,Senzel,6.545045045045045,111,2300,PIT@CIN,CIN,PIT,DTD,Toe,,,,OF/UTIL
88083-79188,1B,Alex,Alex Kirilloff,Kirilloff,6.549999734629756,46,2300,MIN@KC,MIN,KC,O,Wrist,,,0,C/1B/UTIL
88083-38282,1B,Daniel,Daniel Vogelbach,Vogelbach,8.145864845218515,133,2300,NYM@MIA,NYM,MIA,,,,,,C/1B/UTIL
88083-79257,OF,Josh,Josh Lowe,Lowe,7.1980766883263225,52,2300,DET@TB,TB,DET,,,,,,OF/UTIL
88083-101850,3B/2B,Ramon,Ramon Urias,Urias,8.055084745762711,118,2300,BAL@BOS,BAL,BOS,,,,,,2B/3B/UTIL
88083-173548,2B,Michael,Michael Massey,Massey,7.205769465519832,52,2300,MIN@KC,KC,MIN,,,,,,2B/UTIL
88083-71182,1B/3B,Jeimer,Jeimer Candelario,Candelario,7.2483869983303935,124,2300,ATL@WSH,WSH,ATL,,,,,,C/1B/3B/UTIL
88083-101910,OF,Connor,Connor Joe,Joe,8.41621632618947,111,2300,PIT@CIN,PIT,CIN,,,,,,OF/UTIL
88083-163696,OF,Jack,Jack Suwinski,Suwinski,7.90566037735849,106,2300,PIT@CIN,PIT,CIN,,,,,,OF/UTIL
88083-161677,C,Nick,Nick Fortes,Fortes,7.905555725097656,72,2300,NYM@MIA,MIA,NYM,,,,,,C/1B/UTIL
88083-135203,1B,Spencer,Spencer Torkelson,Torkelson,6.278181596235796,110,2200,DET@TB,DET,TB,,,,,,C/1B/UTIL
88083-73832,SS/3B,Joey,Joey Wendle,Wendle,6.984158657564976,101,2200,NYM@MIA,MIA,NYM,,,,,,3B/SS/UTIL
88083-84133,OF,Franmil,Franmil Reyes,Reyes,7.704166666666667,120,2200,MIN@KC,KC,MIN,,,,,,OF/UTIL
88083-16947,2B,Jonathan,Jonathan Schoop,Schoop,6.538931111343034,131,2200,DET@TB,DET,TB,,,,,,2B/UTIL
88083-119368,C,Ryan,Ryan Jeffers,Jeffers,6.977941176470588,68,2200,MIN@KC,MIN,KC,,,,,0,C/1B/UTIL
88083-119376,3B,Brett,Brett Baty,Baty,7.118182095614347,11,2200,NYM@MIA,NYM,MIA,,,,,,3B/UTIL
88083-154422,OF,Matt,Matt Vierling,Vierling,5.636433919270833,129,2200,DET@TB,DET,TB,,,,,,OF/UTIL
88083-68531,3B/OF,Brian,Brian Anderson,Anderson,7.393877301897321,98,2200,MIL@CHC,MIL,CHC,,,,,,3B/OF/UTIL
88083-68563,OF,Victor,Victor Robles,Robles,5.756818366773201,132,2200,ATL@WSH,WSH,ATL,,,,,,OF/UTIL
88083-52182,C,Reese,Reese McGuire,McGuire,5.480000135633681,90,2200,BAL@BOS,BOS,BAL,,,,,,C/1B/UTIL
88083-13304,C,Tucker,Tucker Barnhart,Barnhart,4.363829917096077,94,2200,MIL@CHC,CHC,MIL,,,,,,C/1B/UTIL
88083-5118,1B,Miguel,Miguel Cabrera,Cabrera,6.316964285714286,112,2200,DET@TB,DET,TB,,,,,,C/1B/UTIL
88083-82977,SS,Isiah,Isiah Kiner-Falefa,Kiner-Falefa,7.713513348553632,148,2200,SF@NYY,NYY,SF,,,,,,SS/UTIL
88083-171112,1B,Sean,Sean Bouchard,Bouchard,9.048148261176216,27,2200,COL@SD,COL,SD,IL,Biceps,,,,C/1B/UTIL
88083-83195,OF,Yonathan,Yonathan Daza,Daza,7.231858515106471,113,2200,COL@SD,COL,SD,,,,,,OF/UTIL
88083-79218,SS,Kevin,Kevin Newman,Newman,7.771795028295273,78,2200,PIT@CIN,CIN,PIT,,,,,,SS/UTIL
88083-101787,1B,LaMonte,LaMonte Wade Jr.,Wade Jr.,6.711688153155438,77,2200,SF@NYY,SF,NYY,,,,,,C/1B/UTIL
88083-118222,2B,Mark,Mark Mathias,Mathias,9.32000020345052,30,2200,PIT@CIN,PIT,CIN,,,,,,2B/UTIL
88083-173546,OF,Nate,Nate Eaton,Eaton,7.23181845925071,44,2200,MIN@KC,KC,MIN,,,,,,OF/UTIL
88083-13854,OF,Robbie,Robbie Grossman,Grossman,6.805343511450381,131,2200,PHI@TEX,TEX,PHI,,,,,,OF/UTIL
88083-13894,OF,Aaron,Aaron Hicks,Hicks,7.074242331764915,132,2200,SF@NYY,NYY,SF,,,,,,OF/UTIL
88083-81511,3B/SS,Kyle,Kyle Farmer,Farmer,8.542068797144397,145,2200,MIN@KC,MIN,KC,,,,,0,3B/SS/UTIL
88083-13961,OF,Kevin,Kevin Kiermaier,Kiermaier,7.54920644608755,63,2200,TOR@STL,TOR,STL,,,,,,OF/UTIL
88083-102288,OF,Drew,Drew Waters,Waters,8.806249618530273,32,2200,MIN@KC,KC,MIN,O,Oblique,,,,OF/UTIL
88083-102362,OF,Trevor,Trevor Larnach,Larnach,7.498039096009498,51,2200,MIN@KC,MIN,KC,,,,,4,OF/UTIL
88083-102365,C,Francisco,Francisco Alvarez,Alvarez,6.183333079020183,6,2200,NYM@MIA,NYM,MIA,,,,,,C/1B/UTIL
88083-102388,OF,Cal,Cal Mitchell,Mitchell,6.097101626188858,69,2200,PIT@CIN,PIT,CIN,,,,,,OF/UTIL
88083-135190,SS/3B/2B,Taylor,Taylor Walls,Walls,5.959027608235677,144,2100,DET@TB,TB,DET,,,,,,2B/3B/SS/UTIL
88083-102504,C,Connor,Connor Wong,Wong,4.188888832374856,27,2100,BAL@BOS,BOS,BAL,,,,,,C/1B/UTIL
88083-53757,OF,Rob,Rob Refsnyder,Refsnyder,7.9035087719298245,57,2100,BAL@BOS,BOS,BAL,,,,,,OF/UTIL
88083-119337,1B,Michael,Michael Toglia,Toglia,7.516129032258065,31,2100,COL@SD,COL,SD,,,,,,C/1B/UTIL
88083-21074,OF,Michael A.,Michael A. Taylor,Taylor,7.1475805467174895,124,2100,MIN@KC,MIN,KC,,,,,9,OF/UTIL
88083-16981,C,Yan,Yan Gomes,Gomes,6.163953204487646,86,2100,MIL@CHC,CHC,MIL,,,,,,C/1B/UTIL
88083-12919,2B/SS,Jose,Jose Iglesias,Iglesias,7.678813352423199,118,2100,NYM@MIA,MIA,NYM,,,,,,2B/SS/UTIL
88083-17171,C,James,James McCann,McCann,5.393650599888393,63,2100,BAL@BOS,BAL,BOS,O,Oblique,,,,C/1B/UTIL
88083-80848,C,Victor,Victor Caratini,Caratini,6.262500127156575,96,2100,MIL@CHC,MIL,CHC,,,,,,C/1B/UTIL
88083-70665,C,Jacob,Jacob Stallings,Stallings,5.324561403508772,114,2100,NYM@MIA,MIA,NYM,,,,,,C/1B/UTIL
88083-13412,2B/SS,Donovan,Donovan Solano,Solano,6.842500305175781,80,2100,MIN@KC,MIN,KC,,,,,0,2B/SS/UTIL
88083-38004,C,Austin,Austin Hedges,Hedges,4.720354198354535,113,2100,PIT@CIN,PIT,CIN,,,,,,C/1B/UTIL
88083-60635,OF,Raimel,Raimel Tapia,Tapia,6.895384803185096,130,2100,BAL@BOS,BOS,BAL,,,,,,OF/UTIL
88083-83164,OF,Jake,Jake Cave,Cave,6.63703692400897,54,2100,PHI@TEX,PHI,TEX,,,,,,OF/UTIL
88083-85254,C,Joey,Joey Bart,Bart,5.891919068615846,99,2100,SF@NYY,SF,NYY,,,,,,C/1B/UTIL
88083-79113,C,Francisco,Francisco Mejia,Mejia,6.041489621426197,94,2100,DET@TB,TB,DET,,,,,,C/1B/UTIL
88083-79195,3B/OF,Miguel,Miguel Andujar,Andujar,7.308333502875434,36,2100,PIT@CIN,PIT,CIN,,,,,,3B/OF/UTIL
88083-118218,2B/3B,Zach,Zach McKinstry,McKinstry,6.828070389597039,57,2100,DET@TB,DET,TB,,,,,,2B/3B/UTIL
88083-71217,C,Omar,Omar Narvaez,Narvaez,5.758333478655134,84,2100,NYM@MIA,NYM,MIA,,,,,,C/1B/UTIL
88083-102402,OF,Alexander,Alexander Canario,Canario,,,2000,MIL@CHC,CHC,MIL,O,Ankle,,,,OF/UTIL
88083-81924,2B,Niko,Niko Goodrum,Goodrum,2.8600001017252605,15,2000,BAL@BOS,BOS,BAL,,,,,,2B/UTIL
88083-102406,2B,Vidal,Vidal Brujan,Brujan,5.474074187102141,54,2000,DET@TB,TB,DET,,,,,,2B/UTIL
88083-102411,C,Andrew,Andrew Knizner,Knizner,5.227835114469233,97,2000,TOR@STL,STL,TOR,,,,,,C/1B/UTIL
88083-102410,C,Ronaldo,Ronaldo Hernandez,Hernandez,,,2000,BAL@BOS,BOS,BAL,,,,,,C/1B/UTIL
88083-102412,3B,Elehuris,Elehuris Montero,Montero,7.400000230321345,53,2000,COL@SD,COL,SD,,,,,,3B/UTIL
88083-102418,OF,Eli,Eli White,White,6.042553191489362,47,2000,ATL@WSH,ATL,WSH,,,,,,OF/UTIL
88083-135194,C,Freddy,Freddy Fermin,Fermin,1.0666666825612385,3,2000,MIN@KC,KC,MIN,,,,,,C/1B/UTIL
88083-79896,C,Luis,Luis Torrens,Torrens,4.703508879009046,57,2000,MIL@CHC,CHC,MIL,,,,,,C/1B/UTIL
88083-102427,3B,Jordan,Jordan Groshans,Groshans,6.164706061868107,17,2000,NYM@MIA,MIA,NYM,,,,,,3B/UTIL
88083-135213,C,Michael,Michael Papierski,Papierski,3.0102564493815103,39,2000,DET@TB,DET,TB,,,,,,C/1B/UTIL
88083-79918,C,Kyle,Kyle Higashioka,Higashioka,5.8593022546102835,86,2000,SF@NYY,NYY,SF,,,,,,C/1B/UTIL
88083-102451,OF,Brennen,Brennen Davis,Davis,,,2000,MIL@CHC,CHC,MIL,,,,,,OF/UTIL
88083-102453,SS,Zack,Zack Short,Short,4.233333269755046,6,2000,DET@TB,DET,TB,,,,,,SS/UTIL
88083-102452,OF,Nelson,Nelson Velazquez,Velazquez,5.909090909090909,77,2000,MIL@CHC,CHC,MIL,,,,,,OF/UTIL
88083-135230,SS,Elliot,Elliot Soto,Soto,,,2000,MIN@KC,MIN,KC,,,,,0,SS/UTIL
88083-104511,OF,Kyle,Kyle Garlick,Garlick,5.524242516719934,66,2000,MIN@KC,MIN,KC,,,,,0,OF/UTIL
88083-135254,2B,Eddy,Eddy Alvarez,Alvarez,2.2642857687813893,14,2000,MIL@CHC,MIL,CHC,,,,,,2B/UTIL
88083-102486,OF,Blake,Blake Perkins,Perkins,,,2000,MIL@CHC,MIL,CHC,,,,,,OF/UTIL
88083-82021,C,Tomas,Tomas Nido,Nido,5.168627570657169,102,2000,NYM@MIA,NYM,MIA,,,,,,C/1B/UTIL
88083-135282,OF,Josh,Josh Palacios,Palacios,2.7793102922110724,29,2000,PIT@CIN,PIT,CIN,,,,,,OF/UTIL
88083-135284,C,Riley,Riley Adams,Adams,5.225000063578288,48,2000,ATL@WSH,WSH,ATL,,,,,,C/1B/UTIL
88083-135288,SS,Alan,Alan Trejo,Trejo,8.128571428571428,35,2000,COL@SD,COL,SD,,,,,,SS/UTIL
88083-102525,3B,Will,Will Toffey,Toffey,,,2000,PHI@TEX,PHI,TEX,O,Shoulder,,,,3B/UTIL
88083-116867,C,Tyler,Tyler Heineman,Heineman,4.091935434649067,62,2000,PIT@CIN,PIT,CIN,,,,,,C/1B/UTIL
88083-116866,2B/SS,Danny,Danny Mendick,Mendick,8.809374809265137,32,2000,NYM@MIA,NYM,MIA,,,,,,2B/SS/UTIL
88083-170120,OF,Mark,Mark Contreras,Contreras,4.028571537562779,28,2000,MIN@KC,MIN,KC,,,,,0,OF/UTIL
88083-170121,SS,Kramer,Kramer Robertson,Robertson,1.75,2,2000,TOR@STL,STL,TOR,,,,,,SS/UTIL
88083-135305,OF/3B,Tucupita,Tucupita Marcano,Marcano,6.02244910415338,49,2000,PIT@CIN,PIT,CIN,,,,,,3B/OF/UTIL
88083-135314,2B/SS,Ernie,Ernie Clement,Clement,3.3125,72,2000,TOR@STL,TOR,STL,,,,,,2B/SS/UTIL
88083-102550,C,Luis,Luis Campusano,Campusano,5.081250190734863,16,2000,COL@SD,SD,COL,,,,,,C/1B/UTIL
88083-116888,OF,Jaylin,Jaylin Davis,Davis,4.649999936421712,12,2000,NYM@MIA,NYM,MIA,,,,,,OF/UTIL
88083-102577,2B,Santiago,Santiago Espinal,Espinal,7.390440996955423,136,2000,TOR@STL,TOR,STL,,,,,,2B/UTIL
88083-145590,3B,Jason,Jason Vosler,Vosler,7.41111077202691,36,2000,PIT@CIN,CIN,PIT,,,,,,3B/UTIL
88083-102584,C,Tres,Tres Barrera,Barrera,2.968421132940995,19,2000,TOR@STL,STL,TOR,DTD,Knee,,,,C/1B/UTIL
88083-145618,SS,Otto,Otto Lopez,Lopez,3.9375,8,2000,TOR@STL,TOR,STL,,,,,,SS/UTIL
88083-82251,OF,Tim,Tim Locastro,Locastro,3.4799999237060546,40,2000,NYM@MIA,NYM,MIA,,,,,,OF/UTIL
88083-170321,C,Brian,Brian Serven,Serven,5.609677222467238,62,2000,COL@SD,COL,SD,,,,,,C/1B/UTIL
88083-170350,OF,Dairon,Dairon Blanco,Blanco,4.44000015258789,5,2000,MIN@KC,KC,MIN,,,,,,OF/UTIL
88083-84401,1B,Brandon,Brandon Dixon,Dixon,3.7400001525878905,5,2000,COL@SD,SD,COL,,,,,,C/1B/UTIL
88083-65991,C,Pedro,Pedro Severino,Severino,3.8125,8,2000,COL@SD,SD,COL,,,,,,C/1B/UTIL
88083-96764,OF,Jonathan,Jonathan Davis,Davis,4.886486568966427,37,2000,DET@TB,DET,TB,,,,,,OF/UTIL
88083-119304,SS,Braden,Braden Shewmake,Shewmake,,,2000,ATL@WSH,ATL,WSH,,,,,,SS/UTIL
88083-170523,SS,Jermaine,Jermaine Palacios,Palacios,3.553333282470703,30,2000,DET@TB,DET,TB,,,,,,SS/UTIL
88083-119341,2B,Wenceel,Wenceel Perez,Perez,,,2000,DET@TB,DET,TB,DTD,Back,,,,2B/UTIL
88083-16946,1B,Jon,Jon Singleton,Singleton,,,2000,MIL@CHC,MIL,CHC,,,,,,C/1B/UTIL
88083-119351,SS,Jacob,Jacob Amaya,Amaya,,,2000,NYM@MIA,MIA,NYM,,,,,,SS/UTIL
88083-119366,OF,Jerar,Jerar Encarnacion,Encarnacion,7.408695386803669,23,2000,NYM@MIA,MIA,NYM,,,,,,OF/UTIL
88083-80457,OF,Adam,Adam Engel,Engel,4.259663814256172,119,2000,COL@SD,SD,COL,O,Hamstring,,,,OF/UTIL
88083-80459,1B/OF,Franchy,Franchy Cordero,Cordero,7.329762050083706,84,2000,SF@NYY,NYY,SF,,,,,,C/1B/OF/UTIL
88083-80462,SS,Paul,Paul DeJong,DeJong,5.4012818947816505,78,2000,TOR@STL,STL,TOR,O,Back,,,,SS/UTIL
88083-119377,OF,Matt,Matt Wallner,Wallner,7.988889058430989,18,2000,MIN@KC,MIN,KC,,,,,0,OF/UTIL
88083-53844,1B/2B/3B,Matt,Matt Duffy,Duffy,4.753845997345754,78,2000,MIN@KC,KC,MIN,,,,,,C/1B/2B/3B/UTIL
88083-170584,C,Alex,Alex Hall,Hall,,,2000,MIL@CHC,MIL,CHC,,,,,,C/1B/UTIL
88083-119390,OF,Kevin,Kevin Alcantara,Alcantara,,,2000,MIL@CHC,CHC,MIL,,,,,,OF/UTIL
88083-80485,OF,Austin,Austin Slater,Slater,6.59839990234375,125,2000,SF@NYY,SF,NYY,O,Hamstring,,,,OF/UTIL
88083-12900,1B,Brandon,Brandon Belt,Belt,7.211538461538462,78,2000,TOR@STL,TOR,STL,,,,,,C/1B/UTIL
88083-82532,OF,Marcus,Marcus Wilson,Wilson,3.066666603088379,3,2000,BAL@BOS,BOS,BAL,,,,,,OF/UTIL
88083-119401,C,Rafael,Rafael Marchan,Marchan,5.1200000762939455,20,2000,PHI@TEX,PHI,TEX,DTD,Wrist,,,,C/1B/UTIL
88083-119400,OF,Simon,Simon Muzziotti,Muzziotti,0.6666666666666666,9,2000,PHI@TEX,PHI,TEX,,,,,,OF/UTIL
88083-119408,2B,Ji Hwan,Ji Hwan Bae,Bae,10.9,10,2000,PIT@CIN,PIT,CIN,,,,,,2B/UTIL
88083-17012,C,Curt,Curt Casali,Casali,6.114035087719298,57,2000,PIT@CIN,CIN,PIT,,,,,,C/1B/UTIL
88083-119412,1B/2B,Owen,Owen Miller,Miller,6.911851671006945,135,2000,MIL@CHC,MIL,CHC,,,,,,C/1B/2B/UTIL
88083-82555,3B/SS,Willi,Willi Castro,Castro,6.970535823277065,112,2000,MIN@KC,MIN,KC,,,,,0,3B/SS/UTIL
88083-119420,C,Ivan,Ivan Herrera,Herrera,1.4090909090909092,11,2000,TOR@STL,STL,TOR,,,,,,C/1B/UTIL
88083-12928,1B,Eric,Eric Hosmer,Hosmer,7.9288459190955525,104,2000,MIL@CHC,CHC,MIL,,,,,,C/1B/UTIL
88083-82563,2B/OF,Garrett,Garrett Hampson,Hampson,5.181110975477431,90,2000,NYM@MIA,MIA,NYM,,,,,,2B/OF/UTIL
88083-82567,SS,Ryan,Ryan Vilade,Vilade,1,3,2000,PIT@CIN,PIT,CIN,,,,,,SS/UTIL
88083-82566,1B/3B,Tyler,Tyler Nevin,Nevin,5.265517136146283,58,2000,DET@TB,DET,TB,O,Oblique,,,,C/1B/3B/UTIL
88083-119434,OF,Moises,Moises Gomez,Gomez,,,2000,TOR@STL,STL,TOR,,,,,,OF/UTIL
88083-119439,C,Sam,Sam Huff,Huff,5.404545523903587,44,2000,PHI@TEX,TEX,PHI,,,,,,C/1B/UTIL
88083-119445,C,Israel,Israel Pineda,Pineda,2.299999952316284,4,2000,ATL@WSH,WSH,ATL,O,Finger,,,,C/1B/UTIL
88083-82585,OF,Khalil,Khalil Lee,Lee,12.850000381469727,2,2000,NYM@MIA,NYM,MIA,,,,,,OF/UTIL
88083-82589,1B,Nick,Nick Pratto,Pratto,7.563265430683992,49,2000,MIN@KC,KC,MIN,,,,,,C/1B/UTIL
88083-164513,SS,Joey,Joey Ortiz,Ortiz,,,2000,BAL@BOS,BAL,BOS,DTD,Concussion,,,,SS/UTIL
88083-21161,2B,Yolmer,Yolmer Sanchez,Sanchez,2.1882353389964386,17,2000,ATL@WSH,ATL,WSH,,,,,,2B/UTIL
88083-82605,1B/2B,Keston,Keston Hiura,Hiura,8.234999847412109,80,2000,MIL@CHC,MIL,CHC,,,,,,C/1B/2B/UTIL
88083-21165,C,Roberto,Roberto Perez,Perez,6.980952671595982,21,2000,SF@NYY,SF,NYY,,,,,,C/1B/UTIL
88083-82609,1B,Lewin,Lewin Diaz,Diaz,4.4293102395945585,58,2000,BAL@BOS,BAL,BOS,DTD,Shoulder,,,,C/1B/UTIL
88083-82608,SS,Royce,Royce Lewis,Lewis,8.541666666666666,12,2000,MIN@KC,MIN,KC,IL,Knee,,,0,SS/UTIL
88083-82615,SS,Mark,Mark Vientos,Vientos,4.068749904632568,16,2000,NYM@MIA,NYM,MIA,,,,,,SS/UTIL
88083-82616,2B/3B/SS,Luis,Luis Guillorme,Guillorme,5.651456073649879,103,2000,NYM@MIA,NYM,MIA,,,,,,2B/3B/SS/UTIL
88083-82619,OF,Estevan,Estevan Florial,Florial,2.8999999551212086,17,2000,SF@NYY,NYY,SF,,,,,,OF/UTIL
88083-82620,OF,Nick,Nick Solak,Solak,5.537142944335938,35,2000,PIT@CIN,CIN,PIT,,,,,,OF/UTIL
88083-17105,C,Sandy,Sandy Leon,Leon,3.4470587337718293,34,2000,PHI@TEX,TEX,PHI,,,,,,C/1B/UTIL
88083-13009,C,Austin,Austin Romine,Romine,3.355769230769231,52,2000,PIT@CIN,CIN,PIT,,,,,,C/1B/UTIL
88083-82642,OF,Heliot,Heliot Ramos,Ramos,2.7555554707845054,9,2000,SF@NYY,SF,NYY,,,,,,OF/UTIL
88083-135900,C,Caleb,Caleb Hamilton,Hamilton,1.9772727272727273,22,2000,BAL@BOS,BOS,BAL,,,,,,C/1B/UTIL
88083-82659,3B,Carter,Carter Kieboom,Kieboom,7.331147741098873,61,2000,ATL@WSH,WSH,ATL,O,Shoulder,,,,3B/UTIL
88083-13034,3B,Charlie,Charlie Culberson,Culberson,3.611428615025112,70,2000,DET@TB,TB,DET,,,,,,3B/UTIL
88083-13054,C,Rob,Rob Brantly,Brantly,6,1,2000,TOR@STL,TOR,STL,,,,,,C/1B/UTIL
88083-17167,3B/OF,Brad,Brad Miller,Miller,5.695121951219512,82,2000,PHI@TEX,TEX,PHI,,,,,,3B/OF/UTIL
88083-70435,OF,Ben,Ben Gamel,Gamel,7.733913255774456,115,2000,DET@TB,TB,DET,,,,,,OF/UTIL
88083-119629,SS,Luisangel,Luisangel Acuna,Acuna,,,2000,PHI@TEX,TEX,PHI,,,,,,SS/UTIL
88083-119634,SS,Liover,Liover Peguero,Peguero,6,1,2000,PIT@CIN,PIT,CIN,,,,,,SS/UTIL
88083-119637,3B/2B,Ezequiel,Ezequiel Duran,Duran,7.853448275862069,58,2000,PHI@TEX,TEX,PHI,,,,,,2B/3B/UTIL
88083-174963,SS/2B,Charles,Charles Leblanc,Leblanc,7.252083460489909,48,2000,NYM@MIA,MIA,NYM,DTD,Back,,,,2B/SS/UTIL
88083-70518,OF,Taylor,Taylor Motter,Motter,1.5,2,2000,TOR@STL,STL,TOR,,,,,,OF/UTIL
88083-170879,C,Chris,Chris Okey,Okey,2.6571429116385326,7,2000,PIT@CIN,CIN,PIT,,,,,,C/1B/UTIL
88083-68478,OF,Chad,Chad Pinder,Pinder,6.603571210588727,112,2000,PIT@CIN,CIN,PIT,,,,,,OF/UTIL
88083-68499,SS/3B,Johan,Johan Camargo,Camargo,5.021153963529146,52,2000,MIN@KC,KC,MIN,,,,,,3B/SS/UTIL
88083-177061,OF,Wynton,Wynton Bernard,Bernard,8.02500025431315,12,2000,TOR@STL,TOR,STL,,,,,,OF/UTIL
88083-52150,OF,Clint,Clint Frazier,Frazier,4.173684371145148,19,2000,PHI@TEX,TEX,PHI,,,,,,OF/UTIL
88083-52158,2B/SS,Trevor,Trevor Story,Story,11.1553188892121,94,2000,BAL@BOS,BOS,BAL,IL,Elbow,,,,2B/SS/UTIL
88083-52171,C,Kevin,Kevin Plawecki,Plawecki,4.4609375,64,2000,PIT@CIN,PIT,CIN,,,,,,C/1B/UTIL
88083-80852,2B/SS/3B,Ildemaro,Ildemaro Vargas,Vargas,6.9571426633804565,63,2000,ATL@WSH,WSH,ATL,,,,,,2B/3B/SS/UTIL
88083-97291,2B/3B,Harold,Harold Castro,Castro,6.8075002034505205,120,2000,COL@SD,COL,SD,,,,,,2B/3B/UTIL
88083-13326,C,Christian,Christian Bethancourt,Bethancourt,6.852427065951153,103,2000,DET@TB,TB,DET,,,,,,C/1B/UTIL
88083-173078,OF,Alex,Alex Call,Call,6.661702257521609,47,2000,ATL@WSH,WSH,ATL,,,,,,OF/UTIL
88083-171037,C,Jason,Jason Delay,Delay,4.419298138534813,57,2000,PIT@CIN,PIT,CIN,,,,,,C/1B/UTIL
88083-156707,2B,Hoy,Hoy Park,Park,5.278260935907778,23,2000,ATL@WSH,ATL,WSH,,,,,,2B/UTIL
88083-13346,2B,Ryan,Ryan Goins,Goins,,,2000,MIN@KC,KC,MIN,,,,,,2B/UTIL
88083-13354,2B,Cesar,Cesar Hernandez,Hernandez,7.30476223692602,147,2000,DET@TB,DET,TB,,,,,,2B/UTIL
88083-179273,OF,Ben,Ben DeLuzio,DeLuzio,1.3999999364217122,24,2000,MIL@CHC,CHC,MIL,,,,,,OF/UTIL
88083-21584,2B,Rougned,Rougned Odor,Odor,7.11333324291088,135,2000,COL@SD,SD,COL,,,,,,2B/UTIL
88083-83051,3B/SS/2B,David,David Bote,Bote,6.7317073170731705,41,2000,MIL@CHC,CHC,MIL,,,,,,2B/3B/SS/UTIL
88083-21637,OF,Jackie,Jackie Bradley Jr.,Bradley Jr.,4.7669172932330826,133,2000,MIN@KC,KC,MIN,,,,,,OF/UTIL
88083-179362,OF,Dalton,Dalton Guthrie,Guthrie,5.606666564941406,15,2000,PHI@TEX,PHI,TEX,,,,,,OF/UTIL
88083-179360,1B,Josh,Josh Lester,Lester,0,2,2000,BAL@BOS,BAL,BOS,,,,,,C/1B/UTIL
88083-38074,OF,Corey,Corey Dickerson,Dickerson,6.0565654099589645,99,2000,ATL@WSH,WSH,ATL,,,,,,OF/UTIL
88083-13501,SS/2B,Chris,Chris Owings,Owings,3.0444443314163774,27,2000,PIT@CIN,PIT,CIN,,,,,,2B/SS/UTIL
88083-83143,OF,Oscar,Oscar Mercado,Mercado,4.971428462437221,56,2000,TOR@STL,STL,TOR,,,,,,OF/UTIL
88083-38100,1B/SS,Matt,Matt Reynolds,Reynolds,5.704301075268817,93,2000,PIT@CIN,CIN,PIT,O,Quadriceps,,,,C/1B/SS/UTIL
88083-13535,2B/3B/OF,Ehire,Ehire Adrianza,Adrianza,4.1108109757706925,37,2000,ATL@WSH,ATL,WSH,,,,,,2B/3B/OF/UTIL
88083-83174,SS/3B,Sergio,Sergio Alcantara,Alcantara,4.824731314054099,93,2000,MIL@CHC,CHC,MIL,,,,,,3B/SS/UTIL
88083-83177,C,Grayson,Grayson Greiner,Greiner,4.5,2,2000,MIN@KC,MIN,KC,,,,,0,C/1B/UTIL
88083-79087,1B/2B/3B,Michael,Michael Chavis,Chavis,6.459689827852471,129,2000,ATL@WSH,WSH,ATL,,,,,,C/1B/2B/3B/UTIL
88083-38127,C,Tony,Tony Wolters,Wolters,0,2,2000,MIN@KC,MIN,KC,,,,,0,C/1B/UTIL
88083-83191,C,Austin,Austin Wynns,Wynns,5.019696784741951,66,2000,SF@NYY,SF,NYY,,,,,,C/1B/UTIL
88083-85249,1B,Bobby,Bobby Dalbec,Dalbec,6.235042735042735,117,2000,BAL@BOS,BOS,BAL,,,,,,C/1B/UTIL
88083-146698,OF,Peyton,Peyton Burdick,Burdick,6.409375190734863,32,2000,NYM@MIA,MIA,NYM,,,,,,OF/UTIL
88083-79112,3B,Yu,Yu Chang,Chang,4.815941852072011,69,2000,BAL@BOS,BOS,BAL,,,,,,3B/UTIL
88083-79115,OF,Greg,Greg Allen,Allen,5.704347693401834,46,2000,BAL@BOS,BOS,BAL,,,,,,OF/UTIL
88083-79119,OF,Will,Will Benson,Benson,2.899999947383486,29,2000,PIT@CIN,CIN,PIT,,,,,,OF/UTIL
88083-79122,3B,Nolan,Nolan Jones,Jones,7.053571428571429,28,2000,COL@SD,COL,SD,,,,,,3B/UTIL
88083-146715,C,Endy,Endy Rodriguez,Rodriguez,,,2000,PIT@CIN,PIT,CIN,,,,,,C/1B/UTIL
88083-79128,C,Garrett,Garrett Stubbs,Stubbs,6.355999755859375,50,2000,PHI@TEX,PHI,TEX,DTD,Knee,,,,C/1B/UTIL
88083-85274,OF,DJ,DJ Stewart,Stewart,0,3,2000,NYM@MIA,NYM,MIA,,,,,,OF/UTIL
88083-79130,OF,Jose,Jose Azocar,Azocar,3.8415841584158414,101,2000,COL@SD,SD,COL,,,,,,OF/UTIL
88083-85277,2B/3B,Cavan,Cavan Biggio,Biggio,6.552577067896263,97,2000,TOR@STL,TOR,STL,,,,,,2B/3B/UTIL
88083-146722,OF,Canaan,Canaan Smith-Njigba,Smith-Njigba,5.066666603088379,3,2000,PIT@CIN,PIT,CIN,,,,,,OF/UTIL
88083-79136,OF,Daz,Daz Cameron,Cameron,6.819047473725819,21,2000,BAL@BOS,BAL,BOS,,,,,,OF/UTIL
88083-79138,2B,Jonathan,Jonathan Arauz,Arauz,3.6066665649414062,15,2000,NYM@MIA,NYM,MIA,,,,,,2B/UTIL
88083-79141,1B,Ryan,Ryan O'Hearn,O'Hearn,3.877611758104011,67,2000,BAL@BOS,BAL,BOS,,,,,,C/1B/UTIL
88083-79145,OF,Elier,Elier Hernandez,Hernandez,3.5928570883614674,14,2000,PHI@TEX,TEX,PHI,,,,,,OF/UTIL
88083-62780,SS,Wilmer,Wilmer Difo,Difo,0,3,2000,SF@NYY,NYY,SF,,,,,,SS/UTIL
88083-79170,OF,Willie,Willie Calhoun,Calhoun,4.6318182511763135,22,2000,SF@NYY,NYY,SF,,,,,,OF/UTIL
88083-85320,C,Michael,Michael Perez,Perez,5,45,2000,NYM@MIA,NYM,MIA,,,,,,C/1B/UTIL
88083-79178,2B,Isan,Isan Diaz,Diaz,5.073033707865169,89,2000,SF@NYY,SF,NYY,DTD,Hamstring,,,,2B/UTIL
88083-38223,OF,Travis,Travis Jankowski,Jankowski,2.4500000693581323,44,2000,PHI@TEX,TEX,PHI,,,,,,OF/UTIL
88083-79190,C,Ben,Ben Rortvedt,Rortvedt,3.746154002654247,39,2000,SF@NYY,NYY,SF,O,Shoulder,,,,C/1B/UTIL
88083-79202,2B,Max,Max Schrock,Schrock,1.6692308279184194,13,2000,COL@SD,SD,COL,,,,,,2B/UTIL
88083-179558,OF,Luis,Luis Liberato,Liberato,0,7,2000,COL@SD,SD,COL,,,,,,OF/UTIL
88083-79204,SS,Richie,Richie Martin,Martin,5.9461540809044475,13,2000,PIT@CIN,CIN,PIT,,,,,,SS/UTIL
88083-79213,2B/OF,Scott,Scott Kingery,Kingery,0,1,2000,PHI@TEX,PHI,TEX,,,,,,2B/OF/UTIL
88083-38252,OF,Stephen,Stephen Piscotty,Piscotty,6.223809378487723,42,2000,SF@NYY,SF,NYY,,,,,,OF/UTIL
88083-79212,C,Andrew,Andrew Knapp,Knapp,3.6941176021800324,17,2000,DET@TB,DET,TB,,,,,,C/1B/UTIL
88083-79219,OF/2B,Cole,Cole Tucker,Tucker,3.5888888041178384,18,2000,COL@SD,COL,SD,,,,,,2B/OF/UTIL
88083-21890,SS/3B/2B,Orlando,Orlando Arcia,Arcia,7.516438523383989,73,2000,ATL@WSH,ATL,WSH,,,,,,2B/3B/SS/UTIL
88083-181642,3B,Enmanuel,Enmanuel Valdez,Valdez,,,2000,BAL@BOS,BOS,BAL,,,,,,3B/UTIL
88083-79240,C,Aramis,Aramis Garcia,Garcia,2.8127658925157912,47,2000,PHI@TEX,PHI,TEX,,,,,,C/1B/UTIL
88083-79247,SS/3B,Edmundo,Edmundo Sosa,Sosa,4.99000006781684,90,2000,PHI@TEX,PHI,TEX,,,,,,3B/SS/UTIL
88083-79253,OF,Nick,Nick Plummer,Plummer,5.2000002179827005,14,2000,PIT@CIN,CIN,PIT,,,,,,OF/UTIL
88083-38293,OF,Tyler,Tyler Naquin,Naquin,7.452336676766939,107,2000,MIL@CHC,MIL,CHC,,,,,,OF/UTIL
88083-38299,OF,Kevin,Kevin Pillar,Pillar,3.049999952316284,4,2000,ATL@WSH,ATL,WSH,,,,,,OF/UTIL
88083-181662,OF,Nathan,Nathan Lukes,Lukes,,,2000,TOR@STL,TOR,STL,,,,,,OF/UTIL
88083-79262,1B,Ronald,Ronald Guzman,Guzman,0,3,2000,SF@NYY,SF,NYY,O,Forearm,,,,C/1B/UTIL
88083-79267,3B,Andy,Andy Ibanez,Ibanez,5.427500152587891,40,2000,DET@TB,DET,TB,,,,,,3B/UTIL
88083-101811,OF,Sam,Sam Hilliard,Hilliard,5.317143031529018,70,2000,ATL@WSH,ATL,WSH,,,,,,OF/UTIL
88083-38324,C,Jorge,Jorge Alfaro,Alfaro,6.890243902439025,82,2000,BAL@BOS,BOS,BAL,,,,,,C/1B/UTIL
88083-38326,OF,Nomar,Nomar Mazara,Mazara,5.7854547674005685,55,2000,BAL@BOS,BAL,BOS,,,,,,OF/UTIL
88083-101821,1B/3B,Edwin,Edwin Rios,Rios,9.070370144314236,27,2000,MIL@CHC,CHC,MIL,,,,,,C/1B/3B/UTIL
88083-118204,OF,Ryan,Ryan McKenna,McKenna,3.067619105747768,105,2000,BAL@BOS,BAL,BOS,,,,,,OF/UTIL
88083-101820,1B/OF,Matt,Matt Beaty,Beaty,2.785000038146973,20,2000,MIN@KC,KC,MIN,,,,,,C/1B/OF/UTIL
88083-101832,OF,Skye,Skye Bolt,Bolt,5.7023809523809526,42,2000,MIL@CHC,MIL,CHC,,,,,,OF/UTIL
88083-101835,C,Austin,Austin Allen,Allen,2.4399999618530273,5,2000,NYM@MIA,MIA,NYM,,,,,,C/1B/UTIL
88083-13771,2B/3B,Josh,Josh Harrison,Harrison,6.670833333333333,120,2000,PHI@TEX,PHI,TEX,,,,,,2B/3B/UTIL
88083-85462,C,Francisco,Francisco Arcia,Arcia,,,2000,ATL@WSH,WSH,ATL,,,,,,C/1B/UTIL
88083-136673,C,Mark,Mark Kolozsvary,Kolozsvary,5.009999847412109,10,2000,BAL@BOS,BAL,BOS,,,,,,C/1B/UTIL
88083-155109,2B,Alejo,Alejo Lopez,Lopez,4.557377049180328,61,2000,PIT@CIN,CIN,PIT,,,,,,2B/UTIL
88083-161274,1B,Alfonso,Alfonso Rivas,Rivas,5.345544796178837,101,2000,COL@SD,SD,COL,,,,,,C/1B/UTIL
88083-181790,OF,Diego,Diego Hernandez,Hernandez,,,2000,MIN@KC,KC,MIN,O,Shoulder,,,,OF/UTIL
88083-175654,OF,Bryce,Bryce Johnson,Johnson,1.7454546148126775,11,2000,SF@NYY,SF,NYY,,,,,,OF/UTIL
88083-181813,SS,David,David Hamilton,Hamilton,,,2000,BAL@BOS,BOS,BAL,,,,,,SS/UTIL
88083-181820,2B,Brett,Brett Wisely,Wisely,,,2000,SF@NYY,SF,NYY,,,,,,2B/UTIL
88083-181830,SS,Addison,Addison Barger,Barger,,,2000,TOR@STL,TOR,STL,,,,,,SS/UTIL
88083-181829,1B,Spencer,Spencer Horwitz,Horwitz,,,2000,TOR@STL,TOR,STL,,,,,,C/1B/UTIL
88083-81506,OF,Jordan,Jordan Luplow,Luplow,6.231325448277485,83,2000,ATL@WSH,ATL,WSH,,,,,,OF/UTIL
88083-116339,3B/2B,Abraham,Abraham Toro,Toro,5.8412845156608375,109,2000,MIL@CHC,MIL,CHC,,,,,,2B/3B/UTIL
88083-118398,SS/3B,Vimael,Vimael Machin,Machin,5.584931674068922,73,2000,PHI@TEX,PHI,TEX,,,,,,3B/SS/UTIL
88083-118408,1B,Yoshi,Yoshi Tsutsugo,Tsutsugo,5.514000244140625,50,2000,PHI@TEX,TEX,PHI,,,,,,C/1B/UTIL
88083-52878,OF,Billy,Billy McKinney,McKinney,2.7217390640922217,23,2000,SF@NYY,NYY,SF,,,,,,OF/UTIL
88083-104085,2B,Josh,Josh VanMeter,VanMeter,4.823529411764706,68,2000,MIL@CHC,MIL,CHC,,,,,,2B/UTIL
88083-165550,SS,Ryan,Ryan Kreidler,Kreidler,4.561538402850811,26,2000,DET@TB,DET,TB,,,,,,SS/UTIL
88083-163502,3B,Brendon,Brendon Davis,Davis,7.133333206176758,3,2000,DET@TB,DET,TB,,,,,,3B/UTIL
88083-14000,1B/OF,Darin,Darin Ruf,Ruf,6.949166870117187,120,2000,NYM@MIA,NYM,MIA,,,,,,C/1B/OF/UTIL
88083-163512,C,Donny,Donny Sands,Sands,1,3,2000,DET@TB,DET,TB,,,,,,C/1B/UTIL
88083-163513,C,Rene,Rene Pinto,Pinto,5.52,25,2000,DET@TB,TB,DET,,,,,,C/1B/UTIL
88083-14019,OF,Abraham,Abraham Almonte,Almonte,5.560000101725261,15,2000,NYM@MIA,NYM,MIA,O,Calf,,,,OF/UTIL
88083-181990,OF,Blake,Blake Sabol,Sabol,,,2000,SF@NYY,SF,NYY,,,,,,OF/UTIL
88083-52995,C,Luke,Luke Maile,Maile,4.55925910855517,81,2000,PIT@CIN,CIN,PIT,,,,,,C/1B/UTIL
88083-169769,3B,Vinny,Vinny Capra,Capra,1.9249999523162842,8,2000,TOR@STL,TOR,STL,,,,,,3B/UTIL
88083-169787,2B,Jason,Jason Krizan,Krizan,3,3,2000,SF@NYY,SF,NYY,,,,,,2B/UTIL
88083-165693,OF,Alec,Alec Burleson,Burleson,5.206250190734863,16,2000,TOR@STL,STL,TOR,,,,,,OF/UTIL
88083-110404,3B,Mike,Mike Brosseau,Brosseau,5.35,70,2000,MIL@CHC,MIL,CHC,,,,,,3B/UTIL
88083-165707,3B,Josh,Josh Smith,Smith,5.720548028815283,73,2000,PHI@TEX,TEX,PHI,,,,,,3B/UTIL
88083-163662,2B,Jonathan,Jonathan Aranda,Aranda,4.84375,32,2000,DET@TB,TB,DET,,,,,,2B/UTIL
88083-163661,SS,Eguy,Eguy Rosario,Rosario,0.8571428571428571,7,2000,COL@SD,SD,COL,IL,Ankle,,,,SS/UTIL
88083-104273,C,Anthony,Anthony Bemboom,Bemboom,3.0590910478071733,22,2000,BAL@BOS,BAL,BOS,,,,,,C/1B/UTIL
88083-163665,C,Ford,Ford Proctor,Proctor,7.371428353445871,7,2000,SF@NYY,SF,NYY,,,,,,C/1B/UTIL
88083-163689,SS,Maikel,Maikel Garcia,Garcia,4.1333334181043835,9,2000,MIN@KC,KC,MIN,,,,,,SS/UTIL
88083-171923,1B,Darick,Darick Hall,Hall,8.28095209030878,42,2000,PHI@TEX,PHI,TEX,,,,,,C/1B/UTIL
88083-182167,1B,Matt,Matt Mervis,Mervis,,,2000,MIL@CHC,CHC,MIL,,,,,,C/1B/UTIL
88083-102295,OF,Stuart,Stuart Fairchild,Fairchild,5.213043544603431,46,2000,PIT@CIN,CIN,PIT,,,,,,OF/UTIL
88083-79776,C,Dom,Dom Nunez,Nunez,3.5428570338657925,14,2000,MIL@CHC,CHC,MIL,,,,,,C/1B/UTIL
88083-102307,SS,Jose,Jose Barrero,Barrero,4.783333460489909,48,2000,PIT@CIN,CIN,PIT,,,,,,SS/UTIL
88083-102309,OF,Michael,Michael Siani,Siani,1.6888888676961262,9,2000,PIT@CIN,CIN,PIT,,,,,,OF/UTIL
88083-102317,SS,Terrin,Terrin Vavra,Vavra,5.320000076293946,40,2000,BAL@BOS,BAL,BOS,,,,,,SS/UTIL
88083-102321,OF,Steele,Steele Walker,Walker,4.94000015258789,5,2000,DET@TB,DET,TB,O,Hand,,,,OF/UTIL
88083-102320,OF,Luis,Luis Gonzalez,Gonzalez,7.379591961296237,98,2000,SF@NYY,SF,NYY,O,Back,,,,OF/UTIL
88083-102322,2B/3B,Nick,Nick Madrigal,Madrigal,5.615254030389301,59,2000,MIL@CHC,CHC,MIL,,,,,,2B/3B/UTIL
88083-102325,OF,Parker,Parker Meadows,Meadows,,,2000,DET@TB,DET,TB,,,,,,OF/UTIL
88083-102326,2B,Kody,Kody Clemens,Clemens,4.194736949184485,57,2000,PHI@TEX,PHI,TEX,,,,,,2B/UTIL
88083-102331,2B/SS,Nicky,Nicky Lopez,Lopez,5.40281698737346,142,2000,MIN@KC,KC,MIN,,,,,,2B/SS/UTIL
88083-163772,C,Brett,Brett Sullivan,Sullivan,,,2000,COL@SD,SD,COL,,,,,,C/1B/UTIL
88083-102340,SS,Jeter,Jeter Downs,Downs,4.271428516932896,14,2000,ATL@WSH,WSH,ATL,,,,,,SS/UTIL
88083-171986,3B,Matthew,Matthew Batten,Batten,1.4333333333333333,15,2000,COL@SD,SD,COL,,,,,,3B/UTIL
88083-102353,2B,Brice,Brice Turang,Turang,,,2000,MIL@CHC,MIL,CHC,,,,,,2B/UTIL
88083-171987,OF,Narciso,Narciso Crook,Crook,4.800000190734863,4,2000,BAL@BOS,BOS,BAL,,,,,,OF/UTIL
88083-102352,C,Payton,Payton Henry,Henry,3.5600001017252603,15,2000,MIL@CHC,MIL,CHC,,,,,,C/1B/UTIL
88083-24529,OF,Rafael,Rafael Ortega,Ortega,6.639830508474576,118,2000,SF@NYY,NYY,SF,,,,,,OF/UTIL
88083-102356,OF,Gilberto,Gilberto Celestino,Celestino,4.819672131147541,122,2000,MIN@KC,MIN,KC,O,Thumb,,,0,OF/UTIL
88083-102358,SS,Jose,Jose Devers,Devers,4.328571501232329,21,2000,NYM@MIA,MIA,NYM,,,,,,SS/UTIL
88083-102363,OF,Luke,Luke Raley,Raley,5.3363637057217685,22,2000,DET@TB,TB,DET,,,,,,OF/UTIL
88083-102367,SS,Ronny,Ronny Mauricio,Mauricio,,,2000,NYM@MIA,NYM,MIA,,,,,,SS/UTIL
88083-180208,2B,Miles,Miles Mastrobuoni,Mastrobuoni,2.6500000953674316,8,2000,MIL@CHC,CHC,MIL,,,,,,2B/UTIL
88083-102390,OF,Travis,Travis Swaggerty,Swaggerty,0.6,5,2000,PIT@CIN,PIT,CIN,,,,,,OF/UTIL